NUMRER;DATREG;FLDIRE;FLTIPO;CAURIG;COMPET;VALNAZ;CODVOC;SEGNO;TOTIMP;NUMDOC;ALFDOC;DATDOC;DESVOC;TIPVOC;SERIAL;NUMRIF;CODICE;FLGMOV;CCDESPIA;MRINICOM;MRFINCOM;PNCODCON;MRFLRIPA;CCNUMLIV;VADECTOT;CPROWNUM;VCCODICE;MRNUMRIG;MVCLADOC;PNCODCLF;PNTIPCON;DESCLIFOR;MRCODCOM;NUMPRO;ALFPRO;DESSUP
7083;19/03/2026;(P.N.)(Orig.);(Orig.);FAAE;2026;EUR;03030200501;D;3,51;4440;_B1;10/03/2026;Commissioni e spese leasing;C;0000018836;2;PERALBA;E;costi e ricavi comuni intera azienda;19/03/2026;19/03/2026;030302005;;90;2;6;03030200501;7083;;0000000748;G;Autosystem Societa di Servizi Spa;;496;E;
14374;01/04/2026;(P.N.)(Orig.);(Orig.);FAAE;2026;EUR;03020304601;D;3,52;321;_F7;30/03/2026;Spese incasso accessorie fornitori;C;0000032327;2;PERALBA;E;costi e ricavi comuni intera azienda;01/03/2026;31/03/2026;030203046;;90;2;10;03020304601;14374;;0000000748;G;Autosystem Societa di Servizi Spa;;587;E;
19308;05/05/2026;(P.N.)(Orig.);(Orig.);FAAE;2026;EUR;03020304601;D;3,51;427;_F7;29/04/2026;Spese incasso accessorie fornitori;C;0000040765;2;PERALBA;E;costi e ricavi comuni intera azienda;29/04/2026;29/04/2026;030203046;;90;2;10;03020304601;19308;;0000000748;G;Autosystem Societa di Servizi Spa;;827;E;
408;28/08/2025;(P.N.)(Orig.);(Orig.);FAAE;2025;EUR;03020304601;D;3,51;794;F3;28/08/2025;Spese incasso accessorie fornitori;C;0000000501;2;VEHQACQ;E;head quarter Ufficio Acquisti;01/08/2025;31/08/2025;030203046;S;60;2;7;03020304601;408;;0000000748;G;Autosystem Societa di Servizi Spa;;63;E;canoni agosto
409;29/08/2025;(P.N.)(Orig.);(Orig.);FAAE;2025;EUR;03020304601;D;3,5;2113;F1;29/08/2025;Spese incasso accessorie fornitori;C;0000000502;2;VEHQACQ;E;head quarter Ufficio Acquisti;01/08/2025;31/08/2025;030203046;S;60;2;13;03020304601;409;;0000000748;G;Autosystem Societa di Servizi Spa;;67;E;canone agosto
189;24/09/2025;(P.N.)(Orig.);(Orig.);FAAE;2025;EUR;03020304601;D;3,51;843;_F3;24/09/2025;Spese incasso accessorie fornitori;C;0000000236;2;VEHQACQ;E;head quarter Ufficio Acquisti;24/09/2025;24/09/2025;030203046;S;60;2;6;03020304601;189;;0000000748;G;Autosystem Societa di Servizi Spa;;76;E;
188;30/09/2025;(P.N.)(Orig.);(Orig.);FAAE;2025;EUR;03020304601;D;1,75;2426;_F1;30/09/2025;Spese incasso accessorie fornitori;C;0000000235;2;VEHQACQ;E;head quarter Ufficio Acquisti;30/09/2025;30/09/2025;030203046;S;60;2;6;03020304601;188;;0000000748;G;Autosystem Societa di Servizi Spa;;77;E;
188;30/09/2025;(P.N.)(Orig.);(Orig.);FAAE;2025;EUR;03020304601;D;1,76;2426;_F1;30/09/2025;Spese incasso accessorie fornitori;C;0000000235;3;VEHQACQ;E;head quarter Ufficio Acquisti;30/09/2025;30/09/2025;030203046;S;60;2;6;03020304601;188;;0000000748;G;Autosystem Societa di Servizi Spa;;77;E;
184;08/10/2025;(P.N.)(Orig.);(Orig.);FAAE;2025;EUR;03020304601;D;3,51;844;_F3;24/09/2025;Spese incasso accessorie fornitori;C;0000000231;2;VEHQACQ;E;head quarter Ufficio Acquisti;24/09/2025;24/09/2025;030203046;S;60;2;6;03020304601;184;;0000000748;G;Autosystem Societa di Servizi Spa;;79;E;GJ589VW
215;08/10/2025;(P.N.)(Orig.);(Orig.);FAAE;2025;EUR;03020304601;D;3,51;870;_F3;29/09/2025;Spese incasso accessorie fornitori;C;0000000262;4;VEHQACQ;E;head quarter Ufficio Acquisti;29/09/2025;29/09/2025;030203046;S;60;2;9;03020304601;215;;0000000748;G;Autosystem Societa di Servizi Spa;;103;E;
216;08/10/2025;(P.N.)(Orig.);(Orig.);FAAE;2025;EUR;03020304601;D;3,5;13646;_B1;26/09/2025;Spese incasso accessorie fornitori;C;0000000263;2;VEHQACQ;E;head quarter Ufficio Acquisti;26/09/2025;26/09/2025;030203046;S;60;2;10;03020304601;216;;0000000748;G;Autosystem Societa di Servizi Spa;;104;E;
397;16/10/2025;(P.N.)(Orig.);(Orig.);FAAE;2025;EUR;03020304601;D;3,5;14763;_B1;14/10/2025;Spese incasso accessorie fornitori;C;0000000490;2;VEHQACQ;E;head quarter Ufficio Acquisti;14/10/2025;14/10/2025;030203046;S;60;2;6;03020304601;397;;0000000748;G;Autosystem Societa di Servizi Spa;;128;E;
477;01/11/2025;(P.N.)(Orig.);(Orig.);FAAE;2025;EUR;03020304601;D;3,51;2691;_F1;28/10/2025;Spese incasso accessorie fornitori;C;0000000598;2;VEHQACQ;E;head quarter Ufficio Acquisti;28/10/2025;28/10/2025;030203046;S;60;2;9;03020304601;477;;0000000748;G;Autosystem Societa di Servizi Spa;;145;E;
478;01/11/2025;(P.N.)(Orig.);(Orig.);FAAE;2025;EUR;03020304601;D;3,51;969;_F3;28/10/2025;Spese incasso accessorie fornitori;C;0000000599;2;VEHQACQ;E;head quarter Ufficio Acquisti;01/10/2025;31/10/2025;030203046;S;60;2;6;03020304601;478;;0000000748;G;Autosystem Societa di Servizi Spa;;146;E;
1171;22/12/2025;(P.N.)(Orig.);(Orig.);FAAE;2025;EUR;03040100901;D;208,92;1277;_F7;27/11/2025;Noleggio autovetture indeducibile;C;0000001305;1;VEHQACQ;E;head quarter Ufficio Acquisti;27/11/2025;27/11/2025;030401009;S;60;2;4;03040100901;1171;;0000000748;G;Autosystem Societa di Servizi Spa;;259;E;
1171;22/12/2025;(P.N.)(Orig.);(Orig.);FAAE;2025;EUR;03040100401;D;487,47;1277;_F7;27/11/2025;Noleggio autovetture deducibile;C;0000001305;2;VEHQACQ;E;head quarter Ufficio Acquisti;07/11/2025;30/11/2025;030401004;S;60;2;5;03040100401;1171;;0000000748;G;Autosystem Societa di Servizi Spa;;259;E;
1171;22/12/2025;(P.N.)(Orig.);(Orig.);FAAE;2025;EUR;03020304601;D;3,5;1277;_F7;27/11/2025;Spese incasso accessorie fornitori;C;0000001305;2;VEHQACQ;E;head quarter Ufficio Acquisti;07/11/2025;30/11/2025;030203046;S;60;2;6;03020304601;1171;;0000000748;G;Autosystem Societa di Servizi Spa;;259;E;
1218;22/12/2025;(P.N.)(Orig.);(Orig.);FAAE;2025;EUR;03020304601;D;3,51;2985;_F1;28/11/2025;Spese incasso accessorie fornitori;C;0000001352;2;VEHQACQ;E;head quarter Ufficio Acquisti;28/11/2025;28/11/2025;030203046;S;60;2;6;03020304601;1218;;0000000748;G;Autosystem Societa di Servizi Spa;;261;E;
1230;22/12/2025;(P.N.)(Orig.);(Orig.);FAAE;2025;EUR;03020304601;D;3,5;1053;_F3;27/11/2025;Spese incasso accessorie fornitori;C;0000001364;2;VEHQACQ;E;head quarter Ufficio Acquisti;27/11/2025;27/11/2025;030203046;S;60;2;6;03020304601;1230;;0000000748;G;Autosystem Societa di Servizi Spa;;262;E;
1239;22/12/2025;(P.N.)(Orig.);(Orig.);FAAE;2025;EUR;03020304601;D;3,51;1071;_F3;27/11/2025;Spese incasso accessorie fornitori;C;0000001373;2;VEHQACQ;E;head quarter Ufficio Acquisti;01/11/2025;30/11/2025;030203046;S;60;2;6;03020304601;1239;;0000000748;G;Autosystem Societa di Servizi Spa;;263;E;
1242;22/12/2025;(P.N.)(Orig.);(Orig.);FAAE;2025;EUR;03020304601;D;3,5;16696;_B1;28/11/2025;Spese incasso accessorie fornitori;C;0000001376;2;VEHQACQ;E;head quarter Ufficio Acquisti;28/11/2025;28/11/2025;030203046;S;60;2;6;03020304601;1242;;0000000748;G;Autosystem Societa di Servizi Spa;;264;E;
1243;22/12/2025;(P.N.)(Orig.);(Orig.);FAAE;2025;EUR;03020304601;D;3,51;2928;_F1;26/11/2025;Spese incasso accessorie fornitori;C;0000001377;2;VEHQACQ;E;head quarter Ufficio Acquisti;26/11/2025;26/11/2025;030203046;S;60;2;6;03020304601;1243;;0000000748;G;Autosystem Societa di Servizi Spa;;265;E;
1247;22/12/2025;(P.N.)(Orig.);(Orig.);FAAE;2025;EUR;03020304601;D;3,5;16259;_B1;13/11/2025;Spese incasso accessorie fornitori;C;0000001381;2;VEHQACQ;E;head quarter Ufficio Acquisti;22/12/2025;22/12/2025;030203046;S;60;2;6;03020304601;1247;;0000000748;G;Autosystem Societa di Servizi Spa;;267;E;
1250;22/12/2025;(P.N.)(Orig.);(Orig.);FAAE;2025;EUR;03020304601;D;3,5;1043;_F3;19/11/2025;Spese incasso accessorie fornitori;C;0000001384;2;VEHQACQ;E;head quarter Ufficio Acquisti;30/11/2025;30/11/2025;030203046;S;60;2;6;03020304601;1250;;0000000748;G;Autosystem Societa di Servizi Spa;;268;E;
1252;22/12/2025;(P.N.)(Orig.);(Orig.);FAAE;2025;EUR;03020304601;D;3,5;17854;_B1;16/12/2025;Spese incasso accessorie fornitori;C;0000001386;3;VEHQACQ;E;head quarter Ufficio Acquisti;16/12/2025;16/12/2025;030203046;S;60;2;6;03020304601;1252;;0000000748;G;Autosystem Societa di Servizi Spa;;270;E;
1539;24/12/2025;(P.N.)(Orig.);(Orig.);FAAE;2025;EUR;03020304601;D;1,55;6135;_D0;27/11/2025;Spese incasso accessorie fornitori;C;0000001673;2;VEHQACQ;E;head quarter Ufficio Acquisti;01/11/2025;30/11/2025;030203046;S;60;2;9;03020304601;1539;;0000000748;G;Autosystem Societa di Servizi Spa;;375;E;ADDEBITO FRANCHIGIA KASKO PER SINISTRO N 256114 E 255770
1539;24/12/2025;(P.N.)(Orig.);(Orig.);FAAE;2025;EUR;03020304601;D;1,55;6135;_D0;27/11/2025;Spese incasso accessorie fornitori;C;0000001673;3;VEHQACQ;E;head quarter Ufficio Acquisti;01/11/2025;30/11/2025;030203046;S;60;2;9;03020304601;1539;;0000000748;G;Autosystem Societa di Servizi Spa;;375;E;ADDEBITO FRANCHIGIA KASKO PER SINISTRO N 256114 E 255770
1540;24/12/2025;(P.N.)(Orig.);(Orig.);FAAE;2025;EUR;03020304601;D;3,1;6567;_D0;22/12/2025;Spese incasso accessorie fornitori;C;0000001674;2;VEHQACQ;E;head quarter Ufficio Acquisti;01/12/2025;31/12/2025;030203046;S;60;2;9;03020304601;1540;;0000000748;G;Autosystem Societa di Servizi Spa;;376;E;FRANCHIGIA KASKO - ADDEBITO PER SINISTRO N 256335
1708;31/12/2025;(P.N.)(Orig.);(Orig.);FAAE;2025;EUR;03020304601;D;3,51;1181;_F3;29/12/2025;Spese incasso accessorie fornitori;C;0000002141;2;VEHQACQ;E;head quarter Ufficio Acquisti;01/12/2025;31/12/2025;030203046;S;60;2;6;03020304601;1708;;0000000748;G;Autosystem Societa di Servizi Spa;;436;E;
1709;31/12/2025;(P.N.)(Orig.);(Orig.);FAAE;2025;EUR;03020304601;D;3,51;1168;_F3;29/12/2025;Spese incasso accessorie fornitori;C;0000002142;2;VEHQACQ;E;head quarter Ufficio Acquisti;01/12/2025;31/12/2025;030203046;S;60;2;6;03020304601;1709;;0000000748;G;Autosystem Societa di Servizi Spa;;437;E;
1710;31/12/2025;(P.N.)(Orig.);(Orig.);FAAE;2025;EUR;03020304601;D;3,51;1205;_F3;29/12/2025;Spese incasso accessorie fornitori;C;0000002143;2;VEHQACQ;E;head quarter Ufficio Acquisti;29/12/2025;29/12/2025;030203046;S;60;2;6;03020304601;1710;;0000000748;G;Autosystem Societa di Servizi Spa;;438;E;
1711;31/12/2025;(P.N.)(Orig.);(Orig.);FAAE;2025;EUR;03020304601;D;3,51;3166;_F1;29/12/2025;Spese incasso accessorie fornitori;C;0000002144;2;VEHQACQ;E;head quarter Ufficio Acquisti;29/12/2025;29/12/2025;030203046;S;60;2;6;03020304601;1711;;0000000748;G;Autosystem Societa di Servizi Spa;;439;E;
1712;31/12/2025;(P.N.)(Orig.);(Orig.);FAAE;2025;EUR;03020304601;D;3,51;1404;_F7;29/12/2025;Spese incasso accessorie fornitori;C;0000002145;3;VEHQACQ;E;head quarter Ufficio Acquisti;29/12/2025;29/12/2025;030203046;S;60;2;6;03020304601;1712;;0000000748;G;Autosystem Societa di Servizi Spa;;440;E;
1713;31/12/2025;(P.N.)(Orig.);(Orig.);FAAE;2025;EUR;03040100901;D;271,34;1406;_F7;29/12/2025;Noleggio autovetture indeducibile;C;0000002146;2;VEHQACQ;E;head quarter Ufficio Acquisti;01/12/2025;31/12/2025;030401009;S;60;2;4;03040100901;1713;;0000000748;G;Autosystem Societa di Servizi Spa;;441;E;
1713;31/12/2025;(P.N.)(Orig.);(Orig.);FAAE;2025;EUR;03040100401;D;633,13;1406;_F7;29/12/2025;Noleggio autovetture deducibile;C;0000002146;2;VEHQACQ;E;head quarter Ufficio Acquisti;01/12/2025;31/12/2025;030401004;S;60;2;5;03040100401;1713;;0000000748;G;Autosystem Societa di Servizi Spa;;441;E;
1713;31/12/2025;(P.N.)(Orig.);(Orig.);FAAE;2025;EUR;03020304601;D;3,51;1406;_F7;29/12/2025;Spese incasso accessorie fornitori;C;0000002146;2;VEHQACQ;E;head quarter Ufficio Acquisti;29/12/2025;29/12/2025;030203046;S;60;2;6;03020304601;1713;;0000000748;G;Autosystem Societa di Servizi Spa;;441;E;
1487;04/02/2026;(P.N.)(Orig.);(Orig.);FAAE;2026;EUR;03040100901;D;261,15;116;_F7;29/01/2026;Noleggio autovetture indeducibile;C;0000004060;1;VEHQACQ;E;head quarter Ufficio Acquisti;01/01/2026;31/01/2026;030401009;;60;2;4;03040100901;1487;;0000000748;G;Autosystem Societa di Servizi Spa;;184;E;
1487;04/02/2026;(P.N.)(Orig.);(Orig.);FAAE;2026;EUR;03040100401;D;609,36;116;_F7;29/01/2026;Noleggio autovetture deducibile;C;0000004060;2;VEHQACQ;E;head quarter Ufficio Acquisti;01/01/2026;31/01/2026;030401004;;60;2;5;03040100401;1487;;0000000748;G;Autosystem Societa di Servizi Spa;;184;E;
1901;12/02/2026;(P.N.)(Orig.);(Orig.);FAAE;2026;EUR;03040100401;D;1109,9;1565;_B1;06/02/2026;Noleggio autovetture deducibile;C;0000004568;3;VEHQACQ;E;head quarter Ufficio Acquisti;01/02/2026;31/03/2026;030401004;;60;2;7;03040100401;1901;;0000000748;G;Autosystem Societa di Servizi Spa;;240;E;
1901;12/02/2026;(P.N.)(Orig.);(Orig.);FAAE;2026;EUR;03040100901;D;475,67;1565;_B1;06/02/2026;Noleggio autovetture indeducibile;C;0000004568;3;VEHQACQ;E;head quarter Ufficio Acquisti;01/02/2026;31/03/2026;030401009;;60;2;8;03040100901;1901;;0000000748;G;Autosystem Societa di Servizi Spa;;240;E;
1902;12/02/2026;(P.N.)(Orig.);(Orig.);FAAE;2026;EUR;03020304601;D;3,51;142;_F7;06/02/2026;Spese incasso accessorie fornitori;C;0000004569;2;VEHQACQ;E;head quarter Ufficio Acquisti;06/02/2026;06/02/2026;030203046;;60;2;6;03020304601;1902;;0000000748;G;Autosystem Societa di Servizi Spa;;241;E;
1902;12/02/2026;(P.N.)(Orig.);(Orig.);FAAE;2026;EUR;03040100401;D;101,56;142;_F7;06/02/2026;Noleggio autovetture deducibile;C;0000004569;2;VEHQACQ;E;head quarter Ufficio Acquisti;01/02/2026;06/02/2026;030401004;;60;2;7;03040100401;1902;;0000000748;G;Autosystem Societa di Servizi Spa;;241;E;
1902;12/02/2026;(P.N.)(Orig.);(Orig.);FAAE;2026;EUR;03040100901;D;43,53;142;_F7;06/02/2026;Noleggio autovetture indeducibile;C;0000004569;2;VEHQACQ;E;head quarter Ufficio Acquisti;01/02/2026;06/02/2026;030401009;;60;2;8;03040100901;1902;;0000000748;G;Autosystem Societa di Servizi Spa;;241;E;
7083;19/03/2026;(P.N.)(Orig.);(Orig.);FAAE;2026;EUR;03040100401;D;609,36;4440;_B1;10/03/2026;Noleggio autovetture deducibile;C;0000018836;2;VEHQACQ;E;head quarter Ufficio Acquisti;01/04/2026;30/04/2026;030401004;;60;2;7;03040100401;7083;;0000000748;G;Autosystem Societa di Servizi Spa;;496;E;
7082;19/03/2026;(P.N.)(Orig.);(Orig.);FAAE;2026;EUR;03020305102;D;53,54;88;/ 1000;13/03/2026;Carburante autovetture indeducibili;C;0000018835;5;VEHQACQ;E;head quarter Ufficio Acquisti;01/02/2026;28/02/2026;030203052;;60;2;8;03020305102;7082;;0000000748;G;Autosystem Societa di Servizi Spa;;495;E;
7083;19/03/2026;(P.N.)(Orig.);(Orig.);FAAE;2026;EUR;03040100901;D;261,15;4440;_B1;10/03/2026;Noleggio autovetture indeducibile;C;0000018836;2;VEHQACQ;E;head quarter Ufficio Acquisti;01/04/2026;30/04/2026;030401009;;60;2;8;03040100901;7083;;0000000748;G;Autosystem Societa di Servizi Spa;;496;E;
7082;19/03/2026;(P.N.)(Orig.);(Orig.);FAAE;2026;EUR;03020305101;D;124,94;88;/ 1000;13/03/2026;Carburante autovetture deducibili;C;0000018835;5;VEHQACQ;E;head quarter Ufficio Acquisti;01/02/2026;28/02/2026;030203051;;60;2;7;03020305101;7082;;0000000748;G;Autosystem Societa di Servizi Spa;;495;E;
17861;14/04/2026;(P.N.)(Orig.);(Orig.);FAAE;2026;EUR;03040100401;D;194,2;126;/ 1000;13/04/2026;Noleggio autovetture deducibile;C;0000038407;4;VEHQACQ;E;head quarter Ufficio Acquisti;01/03/2026;31/03/2026;030401004;;60;2;7;03040100401;17861;;0000000748;G;Autosystem Societa di Servizi Spa;;701;E;
17861;14/04/2026;(P.N.)(Orig.);(Orig.);FAAE;2026;EUR;03040100901;D;83,23;126;/ 1000;13/04/2026;Noleggio autovetture indeducibile;C;0000038407;4;VEHQACQ;E;head quarter Ufficio Acquisti;01/03/2026;31/03/2026;030401009;;60;2;8;03040100901;17861;;0000000748;G;Autosystem Societa di Servizi Spa;;701;E;
18015;20/04/2026;(P.N.)(Orig.);(Orig.);FAAE;2026;EUR;03040100401;D;609,35;6142;_B1;14/04/2026;Noleggio autovetture deducibile;C;0000038562;8;VEHQACQ;E;head quarter Ufficio Acquisti;01/05/2026;31/05/2026;030401004;;60;2;7;03040100401;18015;;0000000748;G;Autosystem Societa di Servizi Spa;;721;E;
18015;20/04/2026;(P.N.)(Orig.);(Orig.);FAAE;2026;EUR;03040100901;D;261,16;6142;_B1;14/04/2026;Noleggio autovetture indeducibile;C;0000038562;8;VEHQACQ;E;head quarter Ufficio Acquisti;01/05/2026;31/05/2026;030401009;;60;2;8;03040100901;18015;;0000000748;G;Autosystem Societa di Servizi Spa;;721;E;
215;08/10/2025;(P.N.)(Orig.);(Orig.);FAAE;2025;EUR;03040100901;D;197,87;870;_F3;29/09/2025;Noleggio autovetture indeducibile;C;0000000262;4;VEHQAMM;E;head quarter Direzione Amministrativa;01/09/2025;30/09/2025;030401009;S;60;2;8;03040100901;215;;0000000748;G;Autosystem Societa di Servizi Spa;;103;E;
215;08/10/2025;(P.N.)(Orig.);(Orig.);FAAE;2025;EUR;03040100401;D;461,7;870;_F3;29/09/2025;Noleggio autovetture deducibile;C;0000000262;4;VEHQAMM;E;head quarter Direzione Amministrativa;01/09/2025;30/09/2025;030401004;S;60;2;4;03040100401;215;;0000000748;G;Autosystem Societa di Servizi Spa;;103;E;
478;01/11/2025;(P.N.)(Orig.);(Orig.);FAAE;2025;EUR;03040100401;D;752,78;969;_F3;28/10/2025;Noleggio autovetture deducibile;C;0000000599;4;VEHQAMM;E;head quarter Direzione Amministrativa;01/10/2025;31/10/2025;030401004;S;60;2;5;03040100401;478;;0000000748;G;Autosystem Societa di Servizi Spa;;146;E;
1230;22/12/2025;(P.N.)(Orig.);(Orig.);FAAE;2025;EUR;03040100901;D;281,19;1053;_F3;27/11/2025;Noleggio autovetture indeducibile;C;0000001364;1;VEHQAMM;E;head quarter Direzione Amministrativa;27/11/2025;27/11/2025;030401009;S;60;2;4;03040100901;1230;;0000000748;G;Autosystem Societa di Servizi Spa;;262;E;
1230;22/12/2025;(P.N.)(Orig.);(Orig.);FAAE;2025;EUR;03040100401;D;656,1;1053;_F3;27/11/2025;Noleggio autovetture deducibile;C;0000001364;1;VEHQAMM;E;head quarter Direzione Amministrativa;27/11/2025;27/11/2025;030401004;S;60;2;5;03040100401;1230;;0000000748;G;Autosystem Societa di Servizi Spa;;262;E;
1539;24/12/2025;(P.N.)(Orig.);(Orig.);FAAE;2025;EUR;03040100401;D;350;6135;_D0;27/11/2025;Noleggio autovetture deducibile;C;0000001673;2;VEHQAMM;E;head quarter Direzione Amministrativa;01/11/2025;30/11/2025;030401004;S;60;2;7;03040100401;1539;;0000000748;G;Autosystem Societa di Servizi Spa;;375;E;ADDEBITO FRANCHIGIA KASKO PER SINISTRO N 256114 E 255770
1539;24/12/2025;(P.N.)(Orig.);(Orig.);FAAE;2025;EUR;03040100901;D;150;6135;_D0;27/11/2025;Noleggio autovetture indeducibile;C;0000001673;5;VEHQAMM;E;head quarter Direzione Amministrativa;01/11/2025;30/11/2025;030401009;S;60;2;8;03040100901;1539;;0000000748;G;Autosystem Societa di Servizi Spa;;375;E;ADDEBITO FRANCHIGIA KASKO PER SINISTRO N 256114 E 255770
1710;31/12/2025;(P.N.)(Orig.);(Orig.);FAAE;2025;EUR;03040100901;D;219,38;1205;_F3;29/12/2025;Noleggio autovetture indeducibile;C;0000002143;2;VEHQAMM;E;head quarter Direzione Amministrativa;27/11/2025;31/12/2025;030401009;S;60;2;4;03040100901;1710;;0000000748;G;Autosystem Societa di Servizi Spa;;438;E;
1710;31/12/2025;(P.N.)(Orig.);(Orig.);FAAE;2025;EUR;03040100401;D;511,89;1205;_F3;29/12/2025;Noleggio autovetture deducibile;C;0000002143;2;VEHQAMM;E;head quarter Direzione Amministrativa;27/11/2025;31/12/2025;030401004;S;60;2;5;03040100401;1710;;0000000748;G;Autosystem Societa di Servizi Spa;;438;E;
1740;06/02/2026;(P.N.)(Orig.);(Orig.);FAAE;2026;EUR;03040100901;D;203,76;73;_F3;29/01/2026;Noleggio autovetture indeducibile;C;0000004397;2;VEHQAMM;E;head quarter Direzione Amministrativa;01/01/2026;31/01/2026;030401009;;60;2;4;03040100901;1740;;0000000748;G;Autosystem Societa di Servizi Spa;;189;E;
1740;06/02/2026;(P.N.)(Orig.);(Orig.);FAAE;2026;EUR;03040100401;D;475,44;73;_F3;29/01/2026;Noleggio autovetture deducibile;C;0000004397;2;VEHQAMM;E;head quarter Direzione Amministrativa;01/01/2026;31/01/2026;030401004;;60;2;5;03040100401;1740;;0000000748;G;Autosystem Societa di Servizi Spa;;189;E;
1817;06/02/2026;(P.N.)(Orig.);(Orig.);FAAE;2026;EUR;03040100901;D;25,81;111;_F3;04/02/2026;Noleggio autovetture indeducibile;C;0000004474;2;VEHQAMM;E;head quarter Direzione Amministrativa;04/02/2026;04/02/2026;030401009;;60;2;4;03040100901;1817;;0000000748;G;Autosystem Societa di Servizi Spa;;208;E;
1817;06/02/2026;(P.N.)(Orig.);(Orig.);FAAE;2026;EUR;03040100401;D;60,22;111;_F3;04/02/2026;Noleggio autovetture deducibile;C;0000004474;2;VEHQAMM;E;head quarter Direzione Amministrativa;01/02/2026;04/02/2026;030401004;;60;2;5;03040100401;1817;;0000000748;G;Autosystem Societa di Servizi Spa;;208;E;
1901;12/02/2026;(P.N.)(Orig.);(Orig.);FAAE;2026;EUR;03040100401;D;1379,91;1565;_B1;06/02/2026;Noleggio autovetture deducibile;C;0000004568;2;VEHQAMM;E;head quarter Direzione Amministrativa;01/02/2026;31/03/2026;030401004;;60;2;7;03040100401;1901;;0000000748;G;Autosystem Societa di Servizi Spa;;240;E;
1901;12/02/2026;(P.N.)(Orig.);(Orig.);FAAE;2026;EUR;03040100901;D;591,39;1565;_B1;06/02/2026;Noleggio autovetture indeducibile;C;0000004568;2;VEHQAMM;E;head quarter Direzione Amministrativa;01/02/2026;31/03/2026;030401009;;60;2;8;03040100901;1901;;0000000748;G;Autosystem Societa di Servizi Spa;;240;E;
7083;19/03/2026;(P.N.)(Orig.);(Orig.);FAAE;2026;EUR;03040100901;D;312,43;4440;_B1;10/03/2026;Noleggio autovetture indeducibile;C;0000018836;5;VEHQAMM;E;head quarter Direzione Amministrativa;01/04/2026;30/04/2026;030401009;;60;2;8;03040100901;7083;;0000000748;G;Autosystem Societa di Servizi Spa;;496;E;
7082;19/03/2026;(P.N.)(Orig.);(Orig.);FAAE;2026;EUR;03020305101;D;60,89;88;/ 1000;13/03/2026;Carburante autovetture deducibili;C;0000018835;9;VEHQAMM;E;head quarter Direzione Amministrativa;01/02/2026;28/02/2026;030203051;;60;2;7;03020305101;7082;;0000000748;G;Autosystem Societa di Servizi Spa;;495;E;
7083;19/03/2026;(P.N.)(Orig.);(Orig.);FAAE;2026;EUR;03040100401;D;729,01;4440;_B1;10/03/2026;Noleggio autovetture deducibile;C;0000018836;5;VEHQAMM;E;head quarter Direzione Amministrativa;01/04/2026;30/04/2026;030401004;;60;2;7;03040100401;7083;;0000000748;G;Autosystem Societa di Servizi Spa;;496;E;
7082;19/03/2026;(P.N.)(Orig.);(Orig.);FAAE;2026;EUR;03020305102;D;26,1;88;/ 1000;13/03/2026;Carburante autovetture indeducibili;C;0000018835;9;VEHQAMM;E;head quarter Direzione Amministrativa;01/02/2026;28/02/2026;030203052;;60;2;8;03020305102;7082;;0000000748;G;Autosystem Societa di Servizi Spa;;495;E;
17861;14/04/2026;(P.N.)(Orig.);(Orig.);FAAE;2026;EUR;03040100901;D;44,44;126;/ 1000;13/04/2026;Noleggio autovetture indeducibile;C;0000038407;8;VEHQAMM;E;head quarter Direzione Amministrativa;01/03/2026;31/03/2026;030401009;;60;2;8;03040100901;17861;;0000000748;G;Autosystem Societa di Servizi Spa;;701;E;
17861;14/04/2026;(P.N.)(Orig.);(Orig.);FAAE;2026;EUR;03040100401;D;103,69;126;/ 1000;13/04/2026;Noleggio autovetture deducibile;C;0000038407;8;VEHQAMM;E;head quarter Direzione Amministrativa;01/03/2026;31/03/2026;030401004;;60;2;7;03040100401;17861;;0000000748;G;Autosystem Societa di Servizi Spa;;701;E;
18015;20/04/2026;(P.N.)(Orig.);(Orig.);FAAE;2026;EUR;03040100401;D;729;6142;_B1;14/04/2026;Noleggio autovetture deducibile;C;0000038562;9;VEHQAMM;E;head quarter Direzione Amministrativa;01/05/2026;31/05/2026;030401004;;60;2;7;03040100401;18015;;0000000748;G;Autosystem Societa di Servizi Spa;;721;E;
18015;20/04/2026;(P.N.)(Orig.);(Orig.);FAAE;2026;EUR;03040100901;D;312,43;6142;_B1;14/04/2026;Noleggio autovetture indeducibile;C;0000038562;9;VEHQAMM;E;head quarter Direzione Amministrativa;01/05/2026;31/05/2026;030401009;;60;2;8;03040100901;18015;;0000000748;G;Autosystem Societa di Servizi Spa;;721;E;
1736;31/12/2025;(P.N.)(Orig.);(Orig.);FAAE;2025;EUR;03020304599;D;20;6675;_D0;23/12/2025;altri servizi;C;0000002179;2;VEHQCRC;E;head quarter costi e ricavi comuni;23/08/2025;23/08/2025;030203045;S;80;2;7;03020304599;1736;;0000000748;G;Autosystem Societa di Servizi Spa;;450;E;SPESE AMMINISTRATIVE PER INFRAZIONI AL CODICE DELLA STRADA VERBALE N 7176627714 DEL 27 08 2025
1205;28/01/2026;(P.N.)(Orig.);(Orig.);FAAE;2026;EUR;03020304601;D;3,51;1354;_B1;21/01/2026;Spese incasso accessorie fornitori;C;0000003753;2;VEHQCRC;E;head quarter costi e ricavi comuni;21/01/2026;21/01/2026;030203046;;80;2;6;03020304601;1205;;0000000748;G;Autosystem Societa di Servizi Spa;;91;E;
1251;28/01/2026;(P.N.)(Orig.);(Orig.);FAAE;2026;EUR;03020304601;D;3,51;56;_F1;14/01/2026;Spese incasso accessorie fornitori;C;0000003799;2;VEHQCRC;E;head quarter costi e ricavi comuni;14/01/2026;14/01/2026;030203046;;80;2;6;03020304601;1251;;0000000748;G;Autosystem Societa di Servizi Spa;;121;E;
1249;28/01/2026;(P.N.)(Orig.);(Orig.);FAAE;2026;EUR;03020304601;D;3,5;933;_B1;13/01/2026;Spese incasso accessorie fornitori;C;0000003797;2;VEHQCRC;E;head quarter costi e ricavi comuni;13/01/2026;13/01/2026;030203046;;80;2;6;03020304601;1249;;0000000748;G;Autosystem Societa di Servizi Spa;;119;E;
1487;04/02/2026;(P.N.)(Orig.);(Orig.);FAAE;2026;EUR;03020304601;D;3,5;116;_F7;29/01/2026;Spese incasso accessorie fornitori;C;0000004060;2;VEHQCRC;E;head quarter costi e ricavi comuni;29/01/2026;29/01/2026;030203046;;80;2;6;03020304601;1487;;0000000748;G;Autosystem Societa di Servizi Spa;;184;E;
1740;06/02/2026;(P.N.)(Orig.);(Orig.);FAAE;2026;EUR;03020304601;D;3,51;73;_F3;29/01/2026;Spese incasso accessorie fornitori;C;0000004397;3;VEHQCRC;E;head quarter costi e ricavi comuni;01/01/2026;31/01/2026;030203046;;80;2;6;03020304601;1740;;0000000748;G;Autosystem Societa di Servizi Spa;;189;E;
1817;06/02/2026;(P.N.)(Orig.);(Orig.);FAAE;2026;EUR;03020304601;D;3,51;111;_F3;04/02/2026;Spese incasso accessorie fornitori;C;0000004474;2;VEHQCRC;E;head quarter costi e ricavi comuni;04/02/2026;04/02/2026;030203046;;80;2;6;03020304601;1817;;0000000748;G;Autosystem Societa di Servizi Spa;;208;E;
1741;06/02/2026;(P.N.)(Orig.);(Orig.);FAAE;2026;EUR;03020304601;D;3,51;433;_D0;30/01/2026;Spese incasso accessorie fornitori;C;0000004398;2;VEHQCRC;E;head quarter costi e ricavi comuni;30/01/2026;30/01/2026;030203046;;80;2;7;03020304601;1741;;0000000748;G;Autosystem Societa di Servizi Spa;;190;E;ADDEBITO FRANCHIGIA PER SINISTRO Nø 260135 DEL 14/01/2026 - SCHEGGIATURA SU PORTA POST SX
1901;12/02/2026;(P.N.)(Orig.);(Orig.);FAAE;2026;EUR;03020304601;D;3,5;1565;_B1;06/02/2026;Spese incasso accessorie fornitori;C;0000004568;2;VEHQCRC;E;head quarter costi e ricavi comuni;06/02/2026;06/02/2026;030203046;;80;2;6;03020304601;1901;;0000000748;G;Autosystem Societa di Servizi Spa;;240;E;
1907;12/02/2026;(P.N.)(Orig.);(Orig.);FAAE;2026;EUR;03020304601;D;3,51;2630;_B1;10/02/2026;Spese incasso accessorie fornitori;C;0000004574;2;VEHQCRC;E;head quarter costi e ricavi comuni;10/02/2026;10/02/2026;030203046;;80;2;6;03020304601;1907;;0000000748;G;Autosystem Societa di Servizi Spa;;244;E;
18015;20/04/2026;(P.N.)(Orig.);(Orig.);FAAE;2026;EUR;03020304601;D;3,5;6142;_B1;14/04/2026;Spese incasso accessorie fornitori;C;0000038562;3;VEHQCRC;E;head quarter costi e ricavi comuni;14/04/2026;14/04/2026;030203046;;80;2;10;03020304601;18015;;0000000748;G;Autosystem Societa di Servizi Spa;;721;E;
188;30/09/2025;(P.N.)(Orig.);(Orig.);FAAE;2025;EUR;03040100401;D;1084,8;2426;_F1;30/09/2025;Noleggio autovetture deducibile;C;0000000235;1;VEHQDIR;E;head quarter Direzione Generale;01/09/2025;30/09/2025;030401004;S;60;2;4;03040100401;188;;0000000748;G;Autosystem Societa di Servizi Spa;;77;E;
188;30/09/2025;(P.N.)(Orig.);(Orig.);FAAE;2025;EUR;03040100901;D;464,91;2426;_F1;30/09/2025;Noleggio autovetture indeducibile;C;0000000235;2;VEHQDIR;E;head quarter Direzione Generale;01/09/2025;30/09/2025;030401009;S;60;2;5;03040100901;188;;0000000748;G;Autosystem Societa di Servizi Spa;;77;E;
477;01/11/2025;(P.N.)(Orig.);(Orig.);FAAE;2025;EUR;03040100901;D;464,91;2691;_F1;28/10/2025;Noleggio autovetture indeducibile;C;0000000598;1;VEHQDIR;E;head quarter Direzione Generale;01/10/2025;31/10/2025;030401009;S;60;2;8;03040100901;477;;0000000748;G;Autosystem Societa di Servizi Spa;;145;E;
477;01/11/2025;(P.N.)(Orig.);(Orig.);FAAE;2025;EUR;03040100401;D;1084,8;2691;_F1;28/10/2025;Noleggio autovetture deducibile;C;0000000598;2;VEHQDIR;E;head quarter Direzione Generale;01/10/2025;31/10/2025;030401004;S;60;2;7;03040100401;477;;0000000748;G;Autosystem Societa di Servizi Spa;;145;E;
1218;22/12/2025;(P.N.)(Orig.);(Orig.);FAAE;2025;EUR;03040100901;D;150,17;2985;_F1;28/11/2025;Noleggio autovetture indeducibile;C;0000001352;1;VEHQDIR;E;head quarter Direzione Generale;28/11/2025;28/11/2025;030401009;S;60;2;4;03040100901;1218;;0000000748;G;Autosystem Societa di Servizi Spa;;261;E;
1218;22/12/2025;(P.N.)(Orig.);(Orig.);FAAE;2025;EUR;03040100401;D;350,4;2985;_F1;28/11/2025;Noleggio autovetture deducibile;C;0000001352;1;VEHQDIR;E;head quarter Direzione Generale;28/11/2025;28/11/2025;030401004;S;60;2;5;03040100401;1218;;0000000748;G;Autosystem Societa di Servizi Spa;;261;E;
1252;22/12/2025;(P.N.)(Orig.);(Orig.);FAAE;2025;EUR;03040100401;D;1084,8;17854;_B1;16/12/2025;Noleggio autovetture deducibile;C;0000001386;5;VEHQDIR;E;head quarter Direzione Generale;01/01/2026;31/01/2026;030401004;;60;2;5;03040100401;1252;;0000000748;G;Autosystem Societa di Servizi Spa;;270;E;
1243;22/12/2025;(P.N.)(Orig.);(Orig.);FAAE;2025;EUR;03040100901;D;464,91;2928;_F1;26/11/2025;Noleggio autovetture indeducibile;C;0000001377;1;VEHQDIR;E;head quarter Direzione Generale;26/11/2025;26/11/2025;030401009;S;60;2;4;03040100901;1243;;0000000748;G;Autosystem Societa di Servizi Spa;;265;E;
1242;22/12/2025;(P.N.)(Orig.);(Orig.);FAAE;2025;EUR;03040100901;D;511,41;16696;_B1;28/11/2025;Noleggio autovetture indeducibile;C;0000001376;2;VEHQDIR;E;head quarter Direzione Generale;28/11/2025;31/12/2025;030401009;S;60;2;4;03040100901;1242;;0000000748;G;Autosystem Societa di Servizi Spa;;264;E;
1243;22/12/2025;(P.N.)(Orig.);(Orig.);FAAE;2025;EUR;03040100401;D;1084,8;2928;_F1;26/11/2025;Noleggio autovetture deducibile;C;0000001377;2;VEHQDIR;E;head quarter Direzione Generale;01/11/2025;30/11/2025;030401004;S;60;2;5;03040100401;1243;;0000000748;G;Autosystem Societa di Servizi Spa;;265;E;
1242;22/12/2025;(P.N.)(Orig.);(Orig.);FAAE;2025;EUR;03040100401;D;1193,28;16696;_B1;28/11/2025;Noleggio autovetture deducibile;C;0000001376;3;VEHQDIR;E;head quarter Direzione Generale;01/11/2025;31/12/2025;030401004;S;60;2;5;03040100401;1242;;0000000748;G;Autosystem Societa di Servizi Spa;;264;E;
1252;22/12/2025;(P.N.)(Orig.);(Orig.);FAAE;2025;EUR;03040100901;D;464,91;17854;_B1;16/12/2025;Noleggio autovetture indeducibile;C;0000001386;3;VEHQDIR;E;head quarter Direzione Generale;01/01/2026;31/01/2026;030401009;;60;2;4;03040100901;1252;;0000000748;G;Autosystem Societa di Servizi Spa;;270;E;
1539;24/12/2025;(P.N.)(Orig.);(Orig.);FAAE;2025;EUR;03040100401;D;350;6135;_D0;27/11/2025;Noleggio autovetture deducibile;C;0000001673;3;VEHQDIR;E;head quarter Direzione Generale;01/11/2025;30/11/2025;030401004;S;60;2;7;03040100401;1539;;0000000748;G;Autosystem Societa di Servizi Spa;;375;E;ADDEBITO FRANCHIGIA KASKO PER SINISTRO N 256114 E 255770
1539;24/12/2025;(P.N.)(Orig.);(Orig.);FAAE;2025;EUR;03040100901;D;150;6135;_D0;27/11/2025;Noleggio autovetture indeducibile;C;0000001673;4;VEHQDIR;E;head quarter Direzione Generale;01/11/2025;30/11/2025;030401009;S;60;2;8;03040100901;1539;;0000000748;G;Autosystem Societa di Servizi Spa;;375;E;ADDEBITO FRANCHIGIA KASKO PER SINISTRO N 256114 E 255770
1249;28/01/2026;(P.N.)(Orig.);(Orig.);FAAE;2026;EUR;03040100401;D;1084,8;933;_B1;13/01/2026;Noleggio autovetture deducibile;C;0000003797;5;VEHQDIR;E;head quarter Direzione Generale;01/02/2026;28/02/2026;030401004;;60;2;7;03040100401;1249;;0000000748;G;Autosystem Societa di Servizi Spa;;119;E;
1249;28/01/2026;(P.N.)(Orig.);(Orig.);FAAE;2026;EUR;03040100901;D;464,91;933;_B1;13/01/2026;Noleggio autovetture indeducibile;C;0000003797;5;VEHQDIR;E;head quarter Direzione Generale;01/02/2026;28/02/2026;030401009;;60;2;8;03040100901;1249;;0000000748;G;Autosystem Societa di Servizi Spa;;119;E;
1250;28/01/2026;(P.N.)(Orig.);(Orig.);FAAE;2026;EUR;03020305101;D;264,72;13;/ 1000;16/01/2026;Carburante autovetture deducibili;C;0000003798;1;VEHQDIR;E;head quarter Direzione Generale;01/12/2025;31/12/2025;030203051;S;60;2;7;03020305101;1250;;0000000748;G;Autosystem Societa di Servizi Spa;;120;E;
1250;28/01/2026;(P.N.)(Orig.);(Orig.);FAAE;2026;EUR;03020305102;D;113,45;13;/ 1000;16/01/2026;Carburante autovetture indeducibili;C;0000003798;2;VEHQDIR;E;head quarter Direzione Generale;01/12/2025;31/12/2025;030203052;S;60;2;8;03020305102;1250;;0000000748;G;Autosystem Societa di Servizi Spa;;120;E;
1907;12/02/2026;(P.N.)(Orig.);(Orig.);FAAE;2026;EUR;03040100401;D;1084,8;2630;_B1;10/02/2026;Noleggio autovetture deducibile;C;0000004574;3;VEHQDIR;E;head quarter Direzione Generale;01/03/2026;31/03/2026;030401004;;60;2;7;03040100401;1907;;0000000748;G;Autosystem Societa di Servizi Spa;;244;E;
1907;12/02/2026;(P.N.)(Orig.);(Orig.);FAAE;2026;EUR;03040100901;D;464,91;2630;_B1;10/02/2026;Noleggio autovetture indeducibile;C;0000004574;3;VEHQDIR;E;head quarter Direzione Generale;01/03/2026;31/03/2026;030401009;;60;2;8;03040100901;1907;;0000000748;G;Autosystem Societa di Servizi Spa;;244;E;
1959;13/02/2026;(P.N.)(Orig.);(Orig.);FAAE;2026;EUR;03020305101;D;272,01;54;/ 1000;12/02/2026;Carburante autovetture deducibili;C;0000004655;1;VEHQDIR;E;head quarter Direzione Generale;01/01/2026;31/01/2026;030203051;;60;2;6;03020305101;1959;;0000000748;G;Autosystem Societa di Servizi Spa;;264;E;
1959;13/02/2026;(P.N.)(Orig.);(Orig.);FAAE;2026;EUR;03020305102;D;116,57;54;/ 1000;12/02/2026;Carburante autovetture indeducibili;C;0000004655;1;VEHQDIR;E;head quarter Direzione Generale;01/01/2026;31/01/2026;030203052;;60;2;7;03020305102;1959;;0000000748;G;Autosystem Societa di Servizi Spa;;264;E;
7083;19/03/2026;(P.N.)(Orig.);(Orig.);FAAE;2026;EUR;03040100901;D;464,92;4440;_B1;10/03/2026;Noleggio autovetture indeducibile;C;0000018836;7;VEHQDIR;E;head quarter Direzione Generale;01/04/2026;30/04/2026;030401009;;60;2;8;03040100901;7083;;0000000748;G;Autosystem Societa di Servizi Spa;;496;E;
7083;19/03/2026;(P.N.)(Orig.);(Orig.);FAAE;2026;EUR;03040100401;D;1084,8;4440;_B1;10/03/2026;Noleggio autovetture deducibile;C;0000018836;7;VEHQDIR;E;head quarter Direzione Generale;01/04/2026;30/04/2026;030401004;;60;2;7;03040100401;7083;;0000000748;G;Autosystem Societa di Servizi Spa;;496;E;
7082;19/03/2026;(P.N.)(Orig.);(Orig.);FAAE;2026;EUR;03020305102;D;120,52;88;/ 1000;13/03/2026;Carburante autovetture indeducibili;C;0000018835;2;VEHQDIR;E;head quarter Direzione Generale;01/02/2026;28/02/2026;030203052;;60;2;8;03020305102;7082;;0000000748;G;Autosystem Societa di Servizi Spa;;495;E;
7082;19/03/2026;(P.N.)(Orig.);(Orig.);FAAE;2026;EUR;03020305101;D;281,22;88;/ 1000;13/03/2026;Carburante autovetture deducibili;C;0000018835;2;VEHQDIR;E;head quarter Direzione Generale;01/02/2026;28/02/2026;030203051;;60;2;7;03020305101;7082;;0000000748;G;Autosystem Societa di Servizi Spa;;495;E;
17861;14/04/2026;(P.N.)(Orig.);(Orig.);FAAE;2026;EUR;03040100401;D;387,84;126;/ 1000;13/04/2026;Noleggio autovetture deducibile;C;0000038407;2;VEHQDIR;E;head quarter Direzione Generale;01/03/2026;31/03/2026;030401004;;60;2;7;03040100401;17861;;0000000748;G;Autosystem Societa di Servizi Spa;;701;E;
17861;14/04/2026;(P.N.)(Orig.);(Orig.);FAAE;2026;EUR;03040100901;D;166,22;126;/ 1000;13/04/2026;Noleggio autovetture indeducibile;C;0000038407;2;VEHQDIR;E;head quarter Direzione Generale;01/03/2026;31/03/2026;030401009;;60;2;8;03040100901;17861;;0000000748;G;Autosystem Societa di Servizi Spa;;701;E;
18015;20/04/2026;(P.N.)(Orig.);(Orig.);FAAE;2026;EUR;03040100401;D;1084,8;6142;_B1;14/04/2026;Noleggio autovetture deducibile;C;0000038562;5;VEHQDIR;E;head quarter Direzione Generale;01/05/2026;31/05/2026;030401004;;60;2;7;03040100401;18015;;0000000748;G;Autosystem Societa di Servizi Spa;;721;E;
18015;20/04/2026;(P.N.)(Orig.);(Orig.);FAAE;2026;EUR;03040100901;D;464,91;6142;_B1;14/04/2026;Noleggio autovetture indeducibile;C;0000038562;5;VEHQDIR;E;head quarter Direzione Generale;01/05/2026;31/05/2026;030401009;;60;2;8;03040100901;18015;;0000000748;G;Autosystem Societa di Servizi Spa;;721;E;
189;24/09/2025;(P.N.)(Orig.);(Orig.);FAAE;2025;EUR;03040100401;D;466,88;843;_F3;24/09/2025;Noleggio autovetture deducibile;C;0000000236;2;VEHQFOR;E;head quarter Ufficio Formazione;01/09/2025;24/09/2025;030401004;S;60;2;4;03040100401;189;;0000000748;G;Autosystem Societa di Servizi Spa;;76;E;
189;24/09/2025;(P.N.)(Orig.);(Orig.);FAAE;2025;EUR;03040100901;D;200,09;843;_F3;24/09/2025;Noleggio autovetture indeducibile;C;0000000236;2;VEHQFOR;E;head quarter Ufficio Formazione;01/09/2025;30/09/2025;030401009;S;60;2;5;03040100901;189;;0000000748;G;Autosystem Societa di Servizi Spa;;76;E;
408;28/08/2025;(P.N.)(Orig.);(Orig.);FAAE;2025;EUR;03040100401;D;639,86;794;F3;28/08/2025;Noleggio autovetture deducibile;C;0000000501;2;VEHQGES;E;head quarter Direzione Gestionale;01/08/2025;31/08/2025;030401004;S;60;2;5;03040100401;408;;0000000748;G;Autosystem Societa di Servizi Spa;;63;E;canoni agosto
408;28/08/2025;(P.N.)(Orig.);(Orig.);FAAE;2025;EUR;03040100901;D;274,23;794;F3;28/08/2025;Noleggio autovetture indeducibile;C;0000000501;4;VEHQGES;E;head quarter Direzione Gestionale;01/08/2025;31/08/2025;030401009;S;60;2;6;03040100901;408;;0000000748;G;Autosystem Societa di Servizi Spa;;63;E;canoni agosto
215;08/10/2025;(P.N.)(Orig.);(Orig.);FAAE;2025;EUR;03040100901;D;339,27;870;_F3;29/09/2025;Noleggio autovetture indeducibile;C;0000000262;2;VEHQGES;E;head quarter Direzione Gestionale;01/09/2025;30/09/2025;030401009;S;60;2;8;03040100901;215;;0000000748;G;Autosystem Societa di Servizi Spa;;103;E;
215;08/10/2025;(P.N.)(Orig.);(Orig.);FAAE;2025;EUR;03040100401;D;791,61;870;_F3;29/09/2025;Noleggio autovetture deducibile;C;0000000262;2;VEHQGES;E;head quarter Direzione Gestionale;01/09/2025;30/09/2025;030401004;S;60;2;4;03040100401;215;;0000000748;G;Autosystem Societa di Servizi Spa;;103;E;
478;01/11/2025;(P.N.)(Orig.);(Orig.);FAAE;2025;EUR;03040100401;D;767,83;969;_F3;28/10/2025;Noleggio autovetture deducibile;C;0000000599;3;VEHQGES;E;head quarter Direzione Gestionale;01/10/2025;31/10/2025;030401004;S;60;2;5;03040100401;478;;0000000748;G;Autosystem Societa di Servizi Spa;;146;E;
478;01/11/2025;(P.N.)(Orig.);(Orig.);FAAE;2025;EUR;03040100901;D;329,07;969;_F3;28/10/2025;Noleggio autovetture indeducibile;C;0000000599;3;VEHQGES;E;head quarter Direzione Gestionale;28/10/2025;28/10/2025;030401009;S;60;2;4;03040100901;478;;0000000748;G;Autosystem Societa di Servizi Spa;;146;E;
1252;22/12/2025;(P.N.)(Orig.);(Orig.);FAAE;2025;EUR;03040100401;D;767,83;17854;_B1;16/12/2025;Noleggio autovetture deducibile;C;0000001386;4;VEHQGES;E;head quarter Direzione Gestionale;01/01/2026;31/01/2026;030401004;;60;2;5;03040100401;1252;;0000000748;G;Autosystem Societa di Servizi Spa;;270;E;
1252;22/12/2025;(P.N.)(Orig.);(Orig.);FAAE;2025;EUR;03040100901;D;329,08;17854;_B1;16/12/2025;Noleggio autovetture indeducibile;C;0000001386;4;VEHQGES;E;head quarter Direzione Gestionale;01/01/2026;31/01/2026;030401009;;60;2;4;03040100901;1252;;0000000748;G;Autosystem Societa di Servizi Spa;;270;E;
1251;22/12/2025;(P.N.)(Orig.);(Orig.);FAAE;2025;EUR;03020305101;D;185,79;425;/ 1000;16/12/2025;Carburante autovetture deducibili;C;0000001385;4;VEHQGES;E;head quarter Direzione Gestionale;01/11/2025;30/11/2025;030203051;S;60;2;7;03020305101;1251;;0000000748;G;Autosystem Societa di Servizi Spa;;269;E;
1251;22/12/2025;(P.N.)(Orig.);(Orig.);FAAE;2025;EUR;03020305102;D;79,62;425;/ 1000;16/12/2025;Carburante autovetture indeducibili;C;0000001385;4;VEHQGES;E;head quarter Direzione Gestionale;30/11/2025;30/11/2025;030203052;S;60;2;8;03020305102;1251;;0000000748;G;Autosystem Societa di Servizi Spa;;269;E;
1250;22/12/2025;(P.N.)(Orig.);(Orig.);FAAE;2025;EUR;03040100901;D;208,41;1043;_F3;19/11/2025;Noleggio autovetture indeducibile;C;0000001384;1;VEHQGES;E;head quarter Direzione Gestionale;19/11/2025;19/11/2025;030401009;S;60;2;4;03040100901;1250;;0000000748;G;Autosystem Societa di Servizi Spa;;268;E;
1250;22/12/2025;(P.N.)(Orig.);(Orig.);FAAE;2025;EUR;03040100401;D;486,3;1043;_F3;19/11/2025;Noleggio autovetture deducibile;C;0000001384;2;VEHQGES;E;head quarter Direzione Gestionale;01/11/2025;30/11/2025;030401004;S;60;2;5;03040100401;1250;;0000000748;G;Autosystem Societa di Servizi Spa;;268;E;
1242;22/12/2025;(P.N.)(Orig.);(Orig.);FAAE;2025;EUR;03040100401;D;1074,97;16696;_B1;28/11/2025;Noleggio autovetture deducibile;C;0000001376;2;VEHQGES;E;head quarter Direzione Gestionale;01/11/2025;31/12/2025;030401004;S;60;2;5;03040100401;1242;;0000000748;G;Autosystem Societa di Servizi Spa;;264;E;
1242;22/12/2025;(P.N.)(Orig.);(Orig.);FAAE;2025;EUR;03040100901;D;460,7;16696;_B1;28/11/2025;Noleggio autovetture indeducibile;C;0000001376;1;VEHQGES;E;head quarter Direzione Gestionale;28/11/2025;31/12/2025;030401009;S;60;2;4;03040100901;1242;;0000000748;G;Autosystem Societa di Servizi Spa;;264;E;
1249;28/01/2026;(P.N.)(Orig.);(Orig.);FAAE;2026;EUR;03040100901;D;329,08;933;_B1;13/01/2026;Noleggio autovetture indeducibile;C;0000003797;4;VEHQGES;E;head quarter Direzione Gestionale;01/02/2026;28/02/2026;030401009;;60;2;8;03040100901;1249;;0000000748;G;Autosystem Societa di Servizi Spa;;119;E;
1250;28/01/2026;(P.N.)(Orig.);(Orig.);FAAE;2026;EUR;03020305101;D;161,2;13;/ 1000;16/01/2026;Carburante autovetture deducibili;C;0000003798;4;VEHQGES;E;head quarter Direzione Gestionale;01/12/2025;31/12/2025;030203051;S;60;2;7;03020305101;1250;;0000000748;G;Autosystem Societa di Servizi Spa;;120;E;
1249;28/01/2026;(P.N.)(Orig.);(Orig.);FAAE;2026;EUR;03040100401;D;767,83;933;_B1;13/01/2026;Noleggio autovetture deducibile;C;0000003797;4;VEHQGES;E;head quarter Direzione Gestionale;01/02/2026;28/02/2026;030401004;;60;2;7;03040100401;1249;;0000000748;G;Autosystem Societa di Servizi Spa;;119;E;
1250;28/01/2026;(P.N.)(Orig.);(Orig.);FAAE;2026;EUR;03020305102;D;69,09;13;/ 1000;16/01/2026;Carburante autovetture indeducibili;C;0000003798;5;VEHQGES;E;head quarter Direzione Gestionale;01/12/2025;31/12/2025;030203052;S;60;2;8;03020305102;1250;;0000000748;G;Autosystem Societa di Servizi Spa;;120;E;
1907;12/02/2026;(P.N.)(Orig.);(Orig.);FAAE;2026;EUR;03040100901;D;329,08;2630;_B1;10/02/2026;Noleggio autovetture indeducibile;C;0000004574;4;VEHQGES;E;head quarter Direzione Gestionale;01/03/2026;31/03/2026;030401009;;60;2;8;03040100901;1907;;0000000748;G;Autosystem Societa di Servizi Spa;;244;E;
1907;12/02/2026;(P.N.)(Orig.);(Orig.);FAAE;2026;EUR;03040100401;D;767,84;2630;_B1;10/02/2026;Noleggio autovetture deducibile;C;0000004574;4;VEHQGES;E;head quarter Direzione Gestionale;01/03/2026;31/03/2026;030401004;;60;2;7;03040100401;1907;;0000000748;G;Autosystem Societa di Servizi Spa;;244;E;
1959;13/02/2026;(P.N.)(Orig.);(Orig.);FAAE;2026;EUR;03020305102;D;83,61;54;/ 1000;12/02/2026;Carburante autovetture indeducibili;C;0000004655;4;VEHQGES;E;head quarter Direzione Gestionale;01/01/2026;31/01/2026;030203052;;60;2;7;03020305102;1959;;0000000748;G;Autosystem Societa di Servizi Spa;;264;E;
1959;13/02/2026;(P.N.)(Orig.);(Orig.);FAAE;2026;EUR;03020305101;D;195,09;54;/ 1000;12/02/2026;Carburante autovetture deducibili;C;0000004655;4;VEHQGES;E;head quarter Direzione Gestionale;01/01/2026;31/01/2026;030203051;;60;2;6;03020305101;1959;;0000000748;G;Autosystem Societa di Servizi Spa;;264;E;
7082;19/03/2026;(P.N.)(Orig.);(Orig.);FAAE;2026;EUR;03020305101;D;237,76;88;/ 1000;13/03/2026;Carburante autovetture deducibili;C;0000018835;3;VEHQGES;E;head quarter Direzione Gestionale;01/02/2026;28/02/2026;030203051;;60;2;7;03020305101;7082;;0000000748;G;Autosystem Societa di Servizi Spa;;495;E;
7082;19/03/2026;(P.N.)(Orig.);(Orig.);FAAE;2026;EUR;03020305102;D;101,9;88;/ 1000;13/03/2026;Carburante autovetture indeducibili;C;0000018835;3;VEHQGES;E;head quarter Direzione Gestionale;01/02/2026;28/02/2026;030203052;;60;2;8;03020305102;7082;;0000000748;G;Autosystem Societa di Servizi Spa;;495;E;
7083;19/03/2026;(P.N.)(Orig.);(Orig.);FAAE;2026;EUR;03040100401;D;767,83;4440;_B1;10/03/2026;Noleggio autovetture deducibile;C;0000018836;8;VEHQGES;E;head quarter Direzione Gestionale;01/04/2026;30/04/2026;030401004;;60;2;7;03040100401;7083;;0000000748;G;Autosystem Societa di Servizi Spa;;496;E;
7083;19/03/2026;(P.N.)(Orig.);(Orig.);FAAE;2026;EUR;03040100901;D;329,07;4440;_B1;10/03/2026;Noleggio autovetture indeducibile;C;0000018836;8;VEHQGES;E;head quarter Direzione Gestionale;01/04/2026;30/04/2026;030401009;;60;2;8;03040100901;7083;;0000000748;G;Autosystem Societa di Servizi Spa;;496;E;
18015;20/04/2026;(P.N.)(Orig.);(Orig.);FAAE;2026;EUR;03040100401;D;767,84;6142;_B1;14/04/2026;Noleggio autovetture deducibile;C;0000038562;4;VEHQGES;E;head quarter Direzione Gestionale;01/05/2026;31/05/2026;030401004;;60;2;7;03040100401;18015;;0000000748;G;Autosystem Societa di Servizi Spa;;721;E;
18015;20/04/2026;(P.N.)(Orig.);(Orig.);FAAE;2026;EUR;03040100901;D;329,07;6142;_B1;14/04/2026;Noleggio autovetture indeducibile;C;0000038562;4;VEHQGES;E;head quarter Direzione Gestionale;01/05/2026;31/05/2026;030401009;;60;2;8;03040100901;18015;;0000000748;G;Autosystem Societa di Servizi Spa;;721;E;
408;28/08/2025;(P.N.)(Orig.);(Orig.);FAAE;2025;EUR;03040100901;D;189,9;794;F3;28/08/2025;Noleggio autovetture indeducibile;C;0000000501;5;VEHQQGC;E;head quarter Resp. Qualit… e Governo Cli;01/08/2025;31/08/2025;030401009;S;60;2;6;03040100901;408;;0000000748;G;Autosystem Societa di Servizi Spa;;63;E;canoni agosto
408;28/08/2025;(P.N.)(Orig.);(Orig.);FAAE;2025;EUR;03040100401;D;443,11;794;F3;28/08/2025;Noleggio autovetture deducibile;C;0000000501;3;VEHQQGC;E;head quarter Resp. Qualit… e Governo Cli;01/08/2025;31/08/2025;030401004;S;60;2;5;03040100401;408;;0000000748;G;Autosystem Societa di Servizi Spa;;63;E;canoni agosto
409;29/08/2025;(P.N.)(Orig.);(Orig.);FAAE;2025;EUR;03040100401;D;904;2113;F1;29/08/2025;Noleggio autovetture deducibile;C;0000000502;1;VEHQQGC;E;head quarter Resp. Qualit… e Governo Cli;06/08/2025;31/08/2025;030401004;S;60;2;11;03040100401;409;;0000000748;G;Autosystem Societa di Servizi Spa;;67;E;canone agosto
409;29/08/2025;(P.N.)(Orig.);(Orig.);FAAE;2025;EUR;03040100901;D;387,43;2113;F1;29/08/2025;Noleggio autovetture indeducibile;C;0000000502;2;VEHQQGC;E;head quarter Resp. Qualit… e Governo Cli;01/08/2025;31/08/2025;030401009;S;60;2;12;03040100901;409;;0000000748;G;Autosystem Societa di Servizi Spa;;67;E;canone agosto
216;08/10/2025;(P.N.)(Orig.);(Orig.);FAAE;2025;EUR;03040100401;D;683,13;13646;_B1;26/09/2025;Noleggio autovetture deducibile;C;0000000263;2;VEHQQGC;E;head quarter Resp. Qualit… e Governo Cli;24/09/2025;30/09/2025;030401004;S;60;2;4;03040100401;216;;0000000748;G;Autosystem Societa di Servizi Spa;;104;E;
216;08/10/2025;(P.N.)(Orig.);(Orig.);FAAE;2025;EUR;03040100901;D;292,77;13646;_B1;26/09/2025;Noleggio autovetture indeducibile;C;0000000263;2;VEHQQGC;E;head quarter Resp. Qualit… e Governo Cli;01/09/2025;30/09/2025;030401009;S;60;2;9;03040100901;216;;0000000748;G;Autosystem Societa di Servizi Spa;;104;E;
397;16/10/2025;(P.N.)(Orig.);(Orig.);FAAE;2025;EUR;03040100401;D;553,89;14763;_B1;14/10/2025;Noleggio autovetture deducibile;C;0000000490;3;VEHQQGC;E;head quarter Resp. Qualit… e Governo Cli;01/11/2025;30/11/2025;030401004;S;60;2;4;03040100401;397;;0000000748;G;Autosystem Societa di Servizi Spa;;128;E;
397;16/10/2025;(P.N.)(Orig.);(Orig.);FAAE;2025;EUR;03040100901;D;237,38;14763;_B1;14/10/2025;Noleggio autovetture indeducibile;C;0000000490;2;VEHQQGC;E;head quarter Resp. Qualit… e Governo Cli;01/11/2025;30/11/2025;030401009;S;60;2;5;03040100901;397;;0000000748;G;Autosystem Societa di Servizi Spa;;128;E;
400;16/10/2025;(P.N.)(Orig.);(Orig.);FAAE;2025;EUR;03020305101;D;45,48;354;/ 1000;16/10/2025;Carburante autovetture deducibili;C;0000000493;1;VEHQQGC;E;head quarter Resp. Qualit… e Governo Cli;01/09/2025;30/09/2025;030203051;S;60;2;4;03020305101;400;;0000000748;G;Autosystem Societa di Servizi Spa;;131;E;A VS DEBITO RIFORNIMENTO CARBURANTE SU TESSERE UTA. TARGA GZ850SP EURO 59,08TARGA GZ851SP EURO 57,39COMPETENZA MESE DI SETTEMBRE 2025
400;16/10/2025;(P.N.)(Orig.);(Orig.);FAAE;2025;EUR;03020305102;D;19,49;354;/ 1000;16/10/2025;Carburante autovetture indeducibili;C;0000000493;2;VEHQQGC;E;head quarter Resp. Qualit… e Governo Cli;01/09/2025;30/09/2025;030203052;S;60;2;5;03020305102;400;;0000000748;G;Autosystem Societa di Servizi Spa;;131;E;A VS DEBITO RIFORNIMENTO CARBURANTE SU TESSERE UTA. TARGA GZ850SP EURO 59,08TARGA GZ851SP EURO 57,39COMPETENZA MESE DI SETTEMBRE 2025
478;01/11/2025;(P.N.)(Orig.);(Orig.);FAAE;2025;EUR;03040100901;D;322,62;969;_F3;28/10/2025;Noleggio autovetture indeducibile;C;0000000599;4;VEHQQGC;E;head quarter Resp. Qualit… e Governo Cli;28/10/2025;28/10/2025;030401009;S;60;2;4;03040100901;478;;0000000748;G;Autosystem Societa di Servizi Spa;;146;E;
1245;22/12/2025;(P.N.)(Orig.);(Orig.);FAAE;2025;EUR;03020305101;D;137,85;384;/ 1000;13/11/2025;Carburante autovetture deducibili;C;0000001379;2;VEHQQGC;E;head quarter Resp. Qualit… e Governo Cli;31/10/2025;31/10/2025;030203051;S;60;2;7;03020305101;1245;;0000000748;G;Autosystem Societa di Servizi Spa;;266;E;
1245;22/12/2025;(P.N.)(Orig.);(Orig.);FAAE;2025;EUR;03020305102;D;59,08;384;/ 1000;13/11/2025;Carburante autovetture indeducibili;C;0000001379;3;VEHQQGC;E;head quarter Resp. Qualit… e Governo Cli;31/10/2025;31/10/2025;030203052;S;60;2;8;03020305102;1245;;0000000748;G;Autosystem Societa di Servizi Spa;;266;E;
1247;22/12/2025;(P.N.)(Orig.);(Orig.);FAAE;2025;EUR;03040100901;D;237,38;16259;_B1;13/11/2025;Noleggio autovetture indeducibile;C;0000001381;1;VEHQQGC;E;head quarter Resp. Qualit… e Governo Cli;01/12/2025;31/12/2025;030401009;S;60;2;4;03040100901;1247;;0000000748;G;Autosystem Societa di Servizi Spa;;267;E;
1247;22/12/2025;(P.N.)(Orig.);(Orig.);FAAE;2025;EUR;03040100401;D;553,89;16259;_B1;13/11/2025;Noleggio autovetture deducibile;C;0000001381;5;VEHQQGC;E;head quarter Resp. Qualit… e Governo Cli;01/12/2025;31/12/2025;030401004;S;60;2;5;03040100401;1247;;0000000748;G;Autosystem Societa di Servizi Spa;;267;E;
1251;22/12/2025;(P.N.)(Orig.);(Orig.);FAAE;2025;EUR;03020305101;D;103,27;425;/ 1000;16/12/2025;Carburante autovetture deducibili;C;0000001385;3;VEHQQGC;E;head quarter Resp. Qualit… e Governo Cli;01/11/2025;30/11/2025;030203051;S;60;2;7;03020305101;1251;;0000000748;G;Autosystem Societa di Servizi Spa;;269;E;
1252;22/12/2025;(P.N.)(Orig.);(Orig.);FAAE;2025;EUR;03040100901;D;237,38;17854;_B1;16/12/2025;Noleggio autovetture indeducibile;C;0000001386;1;VEHQQGC;E;head quarter Resp. Qualit… e Governo Cli;01/01/2026;31/01/2026;030401009;S;60;2;4;03040100901;1252;;0000000748;G;Autosystem Societa di Servizi Spa;;270;E;
1251;22/12/2025;(P.N.)(Orig.);(Orig.);FAAE;2025;EUR;03020305102;D;44,26;425;/ 1000;16/12/2025;Carburante autovetture indeducibili;C;0000001385;3;VEHQQGC;E;head quarter Resp. Qualit… e Governo Cli;30/11/2025;30/11/2025;030203052;S;60;2;8;03020305102;1251;;0000000748;G;Autosystem Societa di Servizi Spa;;269;E;
1252;22/12/2025;(P.N.)(Orig.);(Orig.);FAAE;2025;EUR;03040100401;D;553,89;17854;_B1;16/12/2025;Noleggio autovetture deducibile;C;0000001386;3;VEHQQGC;E;head quarter Resp. Qualit… e Governo Cli;01/01/2026;31/01/2026;030401004;;60;2;5;03040100401;1252;;0000000748;G;Autosystem Societa di Servizi Spa;;270;E;
1249;28/01/2026;(P.N.)(Orig.);(Orig.);FAAE;2026;EUR;03040100901;D;237,38;933;_B1;13/01/2026;Noleggio autovetture indeducibile;C;0000003797;3;VEHQQGC;E;head quarter Resp. Qualit… e Governo Cli;01/02/2026;28/02/2026;030401009;;60;2;8;03040100901;1249;;0000000748;G;Autosystem Societa di Servizi Spa;;119;E;
1249;28/01/2026;(P.N.)(Orig.);(Orig.);FAAE;2026;EUR;03040100401;D;553,89;933;_B1;13/01/2026;Noleggio autovetture deducibile;C;0000003797;3;VEHQQGC;E;head quarter Resp. Qualit… e Governo Cli;01/02/2026;28/02/2026;030401004;;60;2;7;03040100401;1249;;0000000748;G;Autosystem Societa di Servizi Spa;;119;E;
1250;28/01/2026;(P.N.)(Orig.);(Orig.);FAAE;2026;EUR;03020305102;D;60,1;13;/ 1000;16/01/2026;Carburante autovetture indeducibili;C;0000003798;3;VEHQQGC;E;head quarter Resp. Qualit… e Governo Cli;01/12/2025;31/12/2025;030203052;S;60;2;8;03020305102;1250;;0000000748;G;Autosystem Societa di Servizi Spa;;120;E;
1250;28/01/2026;(P.N.)(Orig.);(Orig.);FAAE;2026;EUR;03020305101;D;140,24;13;/ 1000;16/01/2026;Carburante autovetture deducibili;C;0000003798;2;VEHQQGC;E;head quarter Resp. Qualit… e Governo Cli;01/12/2025;31/12/2025;030203051;S;60;2;7;03020305101;1250;;0000000748;G;Autosystem Societa di Servizi Spa;;120;E;
1907;12/02/2026;(P.N.)(Orig.);(Orig.);FAAE;2026;EUR;03040100401;D;553,88;2630;_B1;10/02/2026;Noleggio autovetture deducibile;C;0000004574;5;VEHQQGC;E;head quarter Resp. Qualit… e Governo Cli;01/03/2026;31/03/2026;030401004;;60;2;7;03040100401;1907;;0000000748;G;Autosystem Societa di Servizi Spa;;244;E;
1907;12/02/2026;(P.N.)(Orig.);(Orig.);FAAE;2026;EUR;03040100901;D;237,38;2630;_B1;10/02/2026;Noleggio autovetture indeducibile;C;0000004574;5;VEHQQGC;E;head quarter Resp. Qualit… e Governo Cli;01/03/2026;31/03/2026;030401009;;60;2;8;03040100901;1907;;0000000748;G;Autosystem Societa di Servizi Spa;;244;E;
1959;13/02/2026;(P.N.)(Orig.);(Orig.);FAAE;2026;EUR;03020305102;D;19,41;54;/ 1000;12/02/2026;Carburante autovetture indeducibili;C;0000004655;2;VEHQQGC;E;head quarter Resp. Qualit… e Governo Cli;01/01/2026;31/01/2026;030203052;;60;2;7;03020305102;1959;;0000000748;G;Autosystem Societa di Servizi Spa;;264;E;
1959;13/02/2026;(P.N.)(Orig.);(Orig.);FAAE;2026;EUR;03020305101;D;45,29;54;/ 1000;12/02/2026;Carburante autovetture deducibili;C;0000004655;2;VEHQQGC;E;head quarter Resp. Qualit… e Governo Cli;01/01/2026;31/01/2026;030203051;;60;2;6;03020305101;1959;;0000000748;G;Autosystem Societa di Servizi Spa;;264;E;
7083;19/03/2026;(P.N.)(Orig.);(Orig.);FAAE;2026;EUR;03040100901;D;237,38;4440;_B1;10/03/2026;Noleggio autovetture indeducibile;C;0000018836;6;VEHQQGC;E;head quarter Resp. Qualit… e Governo Cli;01/04/2026;30/04/2026;030401009;;60;2;8;03040100901;7083;;0000000748;G;Autosystem Societa di Servizi Spa;;496;E;
7083;19/03/2026;(P.N.)(Orig.);(Orig.);FAAE;2026;EUR;03040100401;D;553,88;4440;_B1;10/03/2026;Noleggio autovetture deducibile;C;0000018836;6;VEHQQGC;E;head quarter Resp. Qualit… e Governo Cli;01/04/2026;30/04/2026;030401004;;60;2;7;03040100401;7083;;0000000748;G;Autosystem Societa di Servizi Spa;;496;E;
7082;19/03/2026;(P.N.)(Orig.);(Orig.);FAAE;2026;EUR;03020305102;D;55,92;88;/ 1000;13/03/2026;Carburante autovetture indeducibili;C;0000018835;7;VEHQQGC;E;head quarter Resp. Qualit… e Governo Cli;01/02/2026;28/02/2026;030203052;;60;2;8;03020305102;7082;;0000000748;G;Autosystem Societa di Servizi Spa;;495;E;
7082;19/03/2026;(P.N.)(Orig.);(Orig.);FAAE;2026;EUR;03020305101;D;130,48;88;/ 1000;13/03/2026;Carburante autovetture deducibili;C;0000018835;7;VEHQQGC;E;head quarter Resp. Qualit… e Governo Cli;01/02/2026;28/02/2026;030203051;;60;2;7;03020305101;7082;;0000000748;G;Autosystem Societa di Servizi Spa;;495;E;
17861;14/04/2026;(P.N.)(Orig.);(Orig.);FAAE;2026;EUR;03040100401;D;113,98;126;/ 1000;13/04/2026;Noleggio autovetture deducibile;C;0000038407;6;VEHQQGC;E;head quarter Resp. Qualit… e Governo Cli;01/03/2026;31/03/2026;030401004;;60;2;7;03040100401;17861;;0000000748;G;Autosystem Societa di Servizi Spa;;701;E;
17861;14/04/2026;(P.N.)(Orig.);(Orig.);FAAE;2026;EUR;03040100901;D;48,84;126;/ 1000;13/04/2026;Noleggio autovetture indeducibile;C;0000038407;6;VEHQQGC;E;head quarter Resp. Qualit… e Governo Cli;01/03/2026;31/03/2026;030401009;;60;2;8;03040100901;17861;;0000000748;G;Autosystem Societa di Servizi Spa;;701;E;
18015;20/04/2026;(P.N.)(Orig.);(Orig.);FAAE;2026;EUR;03040100401;D;553,89;6142;_B1;14/04/2026;Noleggio autovetture deducibile;C;0000038562;3;VEHQQGC;E;head quarter Resp. Qualit… e Governo Cli;01/05/2026;31/05/2026;030401004;;60;2;7;03040100401;18015;;0000000748;G;Autosystem Societa di Servizi Spa;;721;E;
18015;20/04/2026;(P.N.)(Orig.);(Orig.);FAAE;2026;EUR;03040100901;D;237,38;6142;_B1;14/04/2026;Noleggio autovetture indeducibile;C;0000038562;3;VEHQQGC;E;head quarter Resp. Qualit… e Governo Cli;01/05/2026;31/05/2026;030401009;;60;2;8;03040100901;18015;;0000000748;G;Autosystem Societa di Servizi Spa;;721;E;
408;28/08/2025;(P.N.)(Orig.);(Orig.);FAAE;2025;EUR;03040100401;D;461,57;794;F3;28/08/2025;Noleggio autovetture deducibile;C;0000000501;4;VEHQRFS;E;head quarter Resp. Formazione e Sicurezz;01/08/2025;31/08/2025;030401004;S;60;2;5;03040100401;408;;0000000748;G;Autosystem Societa di Servizi Spa;;63;E;canoni agosto
408;28/08/2025;(P.N.)(Orig.);(Orig.);FAAE;2025;EUR;03040100901;D;197,82;794;F3;28/08/2025;Noleggio autovetture indeducibile;C;0000000501;2;VEHQRFS;E;head quarter Resp. Formazione e Sicurezz;01/08/2025;31/08/2025;030401009;S;60;2;6;03040100901;408;;0000000748;G;Autosystem Societa di Servizi Spa;;63;E;canoni agosto
409;29/08/2025;(P.N.)(Orig.);(Orig.);FAAE;2025;EUR;03040100901;D;258,64;2113;F1;29/08/2025;Noleggio autovetture indeducibile;C;0000000502;3;VEHQRFS;E;head quarter Resp. Formazione e Sicurezz;01/08/2025;31/08/2025;030401009;S;60;2;12;03040100901;409;;0000000748;G;Autosystem Societa di Servizi Spa;;67;E;canone agosto
409;29/08/2025;(P.N.)(Orig.);(Orig.);FAAE;2025;EUR;03040100401;D;603,49;2113;F1;29/08/2025;Noleggio autovetture deducibile;C;0000000502;2;VEHQRFS;E;head quarter Resp. Formazione e Sicurezz;06/08/2025;31/08/2025;030401004;S;60;2;11;03040100401;409;;0000000748;G;Autosystem Societa di Servizi Spa;;67;E;canone agosto
216;08/10/2025;(P.N.)(Orig.);(Orig.);FAAE;2025;EUR;03040100901;D;292,77;13646;_B1;26/09/2025;Noleggio autovetture indeducibile;C;0000000263;3;VEHQRFS;E;head quarter Resp. Formazione e Sicurezz;01/09/2025;30/09/2025;030401009;S;60;2;9;03040100901;216;;0000000748;G;Autosystem Societa di Servizi Spa;;104;E;
216;08/10/2025;(P.N.)(Orig.);(Orig.);FAAE;2025;EUR;03040100401;D;683,13;13646;_B1;26/09/2025;Noleggio autovetture deducibile;C;0000000263;3;VEHQRFS;E;head quarter Resp. Formazione e Sicurezz;24/09/2025;30/09/2025;030401004;S;60;2;4;03040100401;216;;0000000748;G;Autosystem Societa di Servizi Spa;;104;E;
397;16/10/2025;(P.N.)(Orig.);(Orig.);FAAE;2025;EUR;03040100901;D;237,38;14763;_B1;14/10/2025;Noleggio autovetture indeducibile;C;0000000490;3;VEHQRFS;E;head quarter Resp. Formazione e Sicurezz;01/11/2025;30/11/2025;030401009;S;60;2;5;03040100901;397;;0000000748;G;Autosystem Societa di Servizi Spa;;128;E;
397;16/10/2025;(P.N.)(Orig.);(Orig.);FAAE;2025;EUR;03040100401;D;553,89;14763;_B1;14/10/2025;Noleggio autovetture deducibile;C;0000000490;2;VEHQRFS;E;head quarter Resp. Formazione e Sicurezz;01/11/2025;30/11/2025;030401004;S;60;2;4;03040100401;397;;0000000748;G;Autosystem Societa di Servizi Spa;;128;E;
400;16/10/2025;(P.N.)(Orig.);(Orig.);FAAE;2025;EUR;03020305102;D;20,06;354;/ 1000;16/10/2025;Carburante autovetture indeducibili;C;0000000493;3;VEHQRFS;E;head quarter Resp. Formazione e Sicurezz;01/09/2025;30/09/2025;030203052;S;60;2;5;03020305102;400;;0000000748;G;Autosystem Societa di Servizi Spa;;131;E;A VS DEBITO RIFORNIMENTO CARBURANTE SU TESSERE UTA. TARGA GZ850SP EURO 59,08TARGA GZ851SP EURO 57,39COMPETENZA MESE DI SETTEMBRE 2025
400;16/10/2025;(P.N.)(Orig.);(Orig.);FAAE;2025;EUR;03020305101;D;46,81;354;/ 1000;16/10/2025;Carburante autovetture deducibili;C;0000000493;2;VEHQRFS;E;head quarter Resp. Formazione e Sicurezz;01/09/2025;30/09/2025;030203051;S;60;2;4;03020305101;400;;0000000748;G;Autosystem Societa di Servizi Spa;;131;E;A VS DEBITO RIFORNIMENTO CARBURANTE SU TESSERE UTA. TARGA GZ850SP EURO 59,08TARGA GZ851SP EURO 57,39COMPETENZA MESE DI SETTEMBRE 2025
1252;22/12/2025;(P.N.)(Orig.);(Orig.);FAAE;2025;EUR;03040100401;D;553,89;17854;_B1;16/12/2025;Noleggio autovetture deducibile;C;0000001386;2;VEHQRFS;E;head quarter Resp. Formazione e Sicurezz;01/01/2026;31/01/2026;030401004;;60;2;5;03040100401;1252;;0000000748;G;Autosystem Societa di Servizi Spa;;270;E;
1252;22/12/2025;(P.N.)(Orig.);(Orig.);FAAE;2025;EUR;03040100901;D;237,38;17854;_B1;16/12/2025;Noleggio autovetture indeducibile;C;0000001386;2;VEHQRFS;E;head quarter Resp. Formazione e Sicurezz;01/01/2026;31/01/2026;030401009;;60;2;4;03040100901;1252;;0000000748;G;Autosystem Societa di Servizi Spa;;270;E;
1251;22/12/2025;(P.N.)(Orig.);(Orig.);FAAE;2025;EUR;03020305102;D;87,76;425;/ 1000;16/12/2025;Carburante autovetture indeducibili;C;0000001385;2;VEHQRFS;E;head quarter Resp. Formazione e Sicurezz;30/11/2025;30/11/2025;030203052;S;60;2;8;03020305102;1251;;0000000748;G;Autosystem Societa di Servizi Spa;;269;E;
1251;22/12/2025;(P.N.)(Orig.);(Orig.);FAAE;2025;EUR;03020305101;D;204,76;425;/ 1000;16/12/2025;Carburante autovetture deducibili;C;0000001385;2;VEHQRFS;E;head quarter Resp. Formazione e Sicurezz;01/11/2025;30/11/2025;030203051;S;60;2;7;03020305101;1251;;0000000748;G;Autosystem Societa di Servizi Spa;;269;E;
1247;22/12/2025;(P.N.)(Orig.);(Orig.);FAAE;2025;EUR;03040100401;D;553,89;16259;_B1;13/11/2025;Noleggio autovetture deducibile;C;0000001381;6;VEHQRFS;E;head quarter Resp. Formazione e Sicurezz;01/12/2025;31/12/2025;030401004;S;60;2;5;03040100401;1247;;0000000748;G;Autosystem Societa di Servizi Spa;;267;E;
1247;22/12/2025;(P.N.)(Orig.);(Orig.);FAAE;2025;EUR;03040100901;D;237,38;16259;_B1;13/11/2025;Noleggio autovetture indeducibile;C;0000001381;2;VEHQRFS;E;head quarter Resp. Formazione e Sicurezz;01/12/2025;31/12/2025;030401009;S;60;2;4;03040100901;1247;;0000000748;G;Autosystem Societa di Servizi Spa;;267;E;
1245;22/12/2025;(P.N.)(Orig.);(Orig.);FAAE;2025;EUR;03020305102;D;69,59;384;/ 1000;13/11/2025;Carburante autovetture indeducibili;C;0000001379;2;VEHQRFS;E;head quarter Resp. Formazione e Sicurezz;31/10/2025;31/10/2025;030203052;S;60;2;8;03020305102;1245;;0000000748;G;Autosystem Societa di Servizi Spa;;266;E;
1245;22/12/2025;(P.N.)(Orig.);(Orig.);FAAE;2025;EUR;03020305101;D;162,39;384;/ 1000;13/11/2025;Carburante autovetture deducibili;C;0000001379;1;VEHQRFS;E;head quarter Resp. Formazione e Sicurezz;31/10/2025;31/10/2025;030203051;S;60;2;7;03020305101;1245;;0000000748;G;Autosystem Societa di Servizi Spa;;266;E;
1250;28/01/2026;(P.N.)(Orig.);(Orig.);FAAE;2026;EUR;03020305101;D;157,94;13;/ 1000;16/01/2026;Carburante autovetture deducibili;C;0000003798;3;VEHQRFS;E;head quarter Resp. Formazione e Sicurezz;01/12/2025;31/12/2025;030203051;S;60;2;7;03020305101;1250;;0000000748;G;Autosystem Societa di Servizi Spa;;120;E;
1250;28/01/2026;(P.N.)(Orig.);(Orig.);FAAE;2026;EUR;03020305102;D;67,69;13;/ 1000;16/01/2026;Carburante autovetture indeducibili;C;0000003798;4;VEHQRFS;E;head quarter Resp. Formazione e Sicurezz;01/12/2025;31/12/2025;030203052;S;60;2;8;03020305102;1250;;0000000748;G;Autosystem Societa di Servizi Spa;;120;E;
1249;28/01/2026;(P.N.)(Orig.);(Orig.);FAAE;2026;EUR;03040100401;D;553,89;933;_B1;13/01/2026;Noleggio autovetture deducibile;C;0000003797;2;VEHQRFS;E;head quarter Resp. Formazione e Sicurezz;01/02/2026;28/02/2026;030401004;;60;2;7;03040100401;1249;;0000000748;G;Autosystem Societa di Servizi Spa;;119;E;
1249;28/01/2026;(P.N.)(Orig.);(Orig.);FAAE;2026;EUR;03040100901;D;237,38;933;_B1;13/01/2026;Noleggio autovetture indeducibile;C;0000003797;2;VEHQRFS;E;head quarter Resp. Formazione e Sicurezz;01/02/2026;28/02/2026;030401009;;60;2;8;03040100901;1249;;0000000748;G;Autosystem Societa di Servizi Spa;;119;E;
1907;12/02/2026;(P.N.)(Orig.);(Orig.);FAAE;2026;EUR;03040100901;D;237,38;2630;_B1;10/02/2026;Noleggio autovetture indeducibile;C;0000004574;6;VEHQRFS;E;head quarter Resp. Formazione e Sicurezz;01/03/2026;31/03/2026;030401009;;60;2;8;03040100901;1907;;0000000748;G;Autosystem Societa di Servizi Spa;;244;E;
1907;12/02/2026;(P.N.)(Orig.);(Orig.);FAAE;2026;EUR;03040100401;D;553,88;2630;_B1;10/02/2026;Noleggio autovetture deducibile;C;0000004574;6;VEHQRFS;E;head quarter Resp. Formazione e Sicurezz;01/03/2026;31/03/2026;030401004;;60;2;7;03040100401;1907;;0000000748;G;Autosystem Societa di Servizi Spa;;244;E;
1959;13/02/2026;(P.N.)(Orig.);(Orig.);FAAE;2026;EUR;03020305101;D;162,82;54;/ 1000;12/02/2026;Carburante autovetture deducibili;C;0000004655;3;VEHQRFS;E;head quarter Resp. Formazione e Sicurezz;01/01/2026;31/01/2026;030203051;;60;2;6;03020305101;1959;;0000000748;G;Autosystem Societa di Servizi Spa;;264;E;
1959;13/02/2026;(P.N.)(Orig.);(Orig.);FAAE;2026;EUR;03020305102;D;69,78;54;/ 1000;12/02/2026;Carburante autovetture indeducibili;C;0000004655;3;VEHQRFS;E;head quarter Resp. Formazione e Sicurezz;01/01/2026;31/01/2026;030203052;;60;2;7;03020305102;1959;;0000000748;G;Autosystem Societa di Servizi Spa;;264;E;
7082;19/03/2026;(P.N.)(Orig.);(Orig.);FAAE;2026;EUR;03020305102;D;97,61;88;/ 1000;13/03/2026;Carburante autovetture indeducibili;C;0000018835;4;VEHQRFS;E;head quarter Resp. Formazione e Sicurezz;01/02/2026;28/02/2026;030203052;;60;2;8;03020305102;7082;;0000000748;G;Autosystem Societa di Servizi Spa;;495;E;
7082;19/03/2026;(P.N.)(Orig.);(Orig.);FAAE;2026;EUR;03020305101;D;227,77;88;/ 1000;13/03/2026;Carburante autovetture deducibili;C;0000018835;4;VEHQRFS;E;head quarter Resp. Formazione e Sicurezz;01/02/2026;28/02/2026;030203051;;60;2;7;03020305101;7082;;0000000748;G;Autosystem Societa di Servizi Spa;;495;E;
7083;19/03/2026;(P.N.)(Orig.);(Orig.);FAAE;2026;EUR;03040100401;D;553,88;4440;_B1;10/03/2026;Noleggio autovetture deducibile;C;0000018836;4;VEHQRFS;E;head quarter Resp. Formazione e Sicurezz;01/04/2026;30/04/2026;030401004;;60;2;7;03040100401;7083;;0000000748;G;Autosystem Societa di Servizi Spa;;496;E;
7083;19/03/2026;(P.N.)(Orig.);(Orig.);FAAE;2026;EUR;03040100901;D;237,38;4440;_B1;10/03/2026;Noleggio autovetture indeducibile;C;0000018836;4;VEHQRFS;E;head quarter Resp. Formazione e Sicurezz;01/04/2026;30/04/2026;030401009;;60;2;8;03040100901;7083;;0000000748;G;Autosystem Societa di Servizi Spa;;496;E;
17861;14/04/2026;(P.N.)(Orig.);(Orig.);FAAE;2026;EUR;03040100901;D;84,38;126;/ 1000;13/04/2026;Noleggio autovetture indeducibile;C;0000038407;3;VEHQRFS;E;head quarter Resp. Formazione e Sicurezz;01/03/2026;31/03/2026;030401009;;60;2;8;03040100901;17861;;0000000748;G;Autosystem Societa di Servizi Spa;;701;E;
17861;14/04/2026;(P.N.)(Orig.);(Orig.);FAAE;2026;EUR;03040100401;D;196,88;126;/ 1000;13/04/2026;Noleggio autovetture deducibile;C;0000038407;3;VEHQRFS;E;head quarter Resp. Formazione e Sicurezz;01/03/2026;31/03/2026;030401004;;60;2;7;03040100401;17861;;0000000748;G;Autosystem Societa di Servizi Spa;;701;E;
18015;20/04/2026;(P.N.)(Orig.);(Orig.);FAAE;2026;EUR;03040100401;D;553,89;6142;_B1;14/04/2026;Noleggio autovetture deducibile;C;0000038562;10;VEHQRFS;E;head quarter Resp. Formazione e Sicurezz;01/05/2026;31/05/2026;030401004;;60;2;7;03040100401;18015;;0000000748;G;Autosystem Societa di Servizi Spa;;721;E;
18015;20/04/2026;(P.N.)(Orig.);(Orig.);FAAE;2026;EUR;03040100901;D;237,38;6142;_B1;14/04/2026;Noleggio autovetture indeducibile;C;0000038562;10;VEHQRFS;E;head quarter Resp. Formazione e Sicurezz;01/05/2026;31/05/2026;030401009;;60;2;8;03040100901;18015;;0000000748;G;Autosystem Societa di Servizi Spa;;721;E;
188;30/09/2025;(P.N.)(Orig.);(Orig.);FAAE;2025;EUR;03040100901;D;323,3;2426;_F1;30/09/2025;Noleggio autovetture indeducibile;C;0000000235;3;VEHQRIU;E;head quarter Ufficio Risorse Umane;01/09/2025;30/09/2025;030401009;S;60;2;5;03040100901;188;;0000000748;G;Autosystem Societa di Servizi Spa;;77;E;
188;30/09/2025;(P.N.)(Orig.);(Orig.);FAAE;2025;EUR;03040100401;D;754,36;2426;_F1;30/09/2025;Noleggio autovetture deducibile;C;0000000235;2;VEHQRIU;E;head quarter Ufficio Risorse Umane;01/09/2025;30/09/2025;030401004;S;60;2;4;03040100401;188;;0000000748;G;Autosystem Societa di Servizi Spa;;77;E;
477;01/11/2025;(P.N.)(Orig.);(Orig.);FAAE;2025;EUR;03040100401;D;754,36;2691;_F1;28/10/2025;Noleggio autovetture deducibile;C;0000000598;3;VEHQRIU;E;head quarter Ufficio Risorse Umane;01/10/2025;31/10/2025;030401004;S;60;2;7;03040100401;477;;0000000748;G;Autosystem Societa di Servizi Spa;;145;E;
477;01/11/2025;(P.N.)(Orig.);(Orig.);FAAE;2025;EUR;03040100901;D;323,3;2691;_F1;28/10/2025;Noleggio autovetture indeducibile;C;0000000598;2;VEHQRIU;E;head quarter Ufficio Risorse Umane;01/10/2025;31/10/2025;030401009;S;60;2;8;03040100901;477;;0000000748;G;Autosystem Societa di Servizi Spa;;145;E;
1243;22/12/2025;(P.N.)(Orig.);(Orig.);FAAE;2025;EUR;03040100401;D;754,36;2928;_F1;26/11/2025;Noleggio autovetture deducibile;C;0000001377;3;VEHQRIU;E;head quarter Ufficio Risorse Umane;01/11/2025;30/11/2025;030401004;S;60;2;5;03040100401;1243;;0000000748;G;Autosystem Societa di Servizi Spa;;265;E;
1243;22/12/2025;(P.N.)(Orig.);(Orig.);FAAE;2025;EUR;03040100901;D;323,3;2928;_F1;26/11/2025;Noleggio autovetture indeducibile;C;0000001377;2;VEHQRIU;E;head quarter Ufficio Risorse Umane;26/11/2025;26/11/2025;030401009;S;60;2;4;03040100901;1243;;0000000748;G;Autosystem Societa di Servizi Spa;;265;E;
1540;24/12/2025;(P.N.)(Orig.);(Orig.);FAAE;2025;EUR;03040100401;D;175;6567;_D0;22/12/2025;Noleggio autovetture deducibile;C;0000001674;2;VEHQRIU;E;head quarter Ufficio Risorse Umane;01/12/2025;31/12/2025;030401004;S;60;2;7;03040100401;1540;;0000000748;G;Autosystem Societa di Servizi Spa;;376;E;FRANCHIGIA KASKO - ADDEBITO PER SINISTRO N 256335
1540;24/12/2025;(P.N.)(Orig.);(Orig.);FAAE;2025;EUR;03040100901;D;75;6567;_D0;22/12/2025;Noleggio autovetture indeducibile;C;0000001674;2;VEHQRIU;E;head quarter Ufficio Risorse Umane;01/12/2025;31/12/2025;030401009;S;60;2;8;03040100901;1540;;0000000748;G;Autosystem Societa di Servizi Spa;;376;E;FRANCHIGIA KASKO - ADDEBITO PER SINISTRO N 256335
1711;31/12/2025;(P.N.)(Orig.);(Orig.);FAAE;2025;EUR;03040100901;D;323,3;3166;_F1;29/12/2025;Noleggio autovetture indeducibile;C;0000002144;2;VEHQRIU;E;head quarter Ufficio Risorse Umane;01/12/2025;29/12/2025;030401009;S;60;2;4;03040100901;1711;;0000000748;G;Autosystem Societa di Servizi Spa;;439;E;
1711;31/12/2025;(P.N.)(Orig.);(Orig.);FAAE;2025;EUR;03040100401;D;754,36;3166;_F1;29/12/2025;Noleggio autovetture deducibile;C;0000002144;2;VEHQRIU;E;head quarter Ufficio Risorse Umane;01/12/2025;31/12/2025;030401004;S;60;2;5;03040100401;1711;;0000000748;G;Autosystem Societa di Servizi Spa;;439;E;
1205;28/01/2026;(P.N.)(Orig.);(Orig.);FAAE;2026;EUR;03040100401;D;1088,42;1354;_B1;21/01/2026;Noleggio autovetture deducibile;C;0000003753;2;VEHQRIU;E;head quarter Ufficio Risorse Umane;01/01/2026;28/02/2026;030401004;;60;2;7;03040100401;1205;;0000000748;G;Autosystem Societa di Servizi Spa;;91;E;
1205;28/01/2026;(P.N.)(Orig.);(Orig.);FAAE;2026;EUR;03040100901;D;466,47;1354;_B1;21/01/2026;Noleggio autovetture indeducibile;C;0000003753;2;VEHQRIU;E;head quarter Ufficio Risorse Umane;01/01/2026;28/02/2026;030401009;;60;2;8;03040100901;1205;;0000000748;G;Autosystem Societa di Servizi Spa;;91;E;
1251;28/01/2026;(P.N.)(Orig.);(Orig.);FAAE;2026;EUR;03040100401;D;1639,29;56;_F1;14/01/2026;Noleggio autovetture deducibile;C;0000003799;2;VEHQRIU;E;head quarter Ufficio Risorse Umane;01/01/2026;14/01/2026;030401004;;60;2;7;03040100401;1251;;0000000748;G;Autosystem Societa di Servizi Spa;;121;E;
1251;28/01/2026;(P.N.)(Orig.);(Orig.);FAAE;2026;EUR;03040100901;D;702,55;56;_F1;14/01/2026;Noleggio autovetture indeducibile;C;0000003799;2;VEHQRIU;E;head quarter Ufficio Risorse Umane;01/01/2026;14/01/2026;030401009;;60;2;8;03040100901;1251;;0000000748;G;Autosystem Societa di Servizi Spa;;121;E;
1741;06/02/2026;(P.N.)(Orig.);(Orig.);FAAE;2026;EUR;03080102101;D;35;433;_D0;30/01/2026;Franchigie Assicurative deducibile;C;0000004398;2;VEHQRIU;E;head quarter Ufficio Risorse Umane;01/01/2026;31/01/2026;030801021;;60;2;5;03080102101;1741;;0000000748;G;Autosystem Societa di Servizi Spa;;190;E;ADDEBITO FRANCHIGIA PER SINISTRO Nø 260135 DEL 14/01/2026 - SCHEGGIATURA SU PORTA POST SX
1741;06/02/2026;(P.N.)(Orig.);(Orig.);FAAE;2026;EUR;03080102201;D;15;433;_D0;30/01/2026;Franchigie Assicurative indeducibile;C;0000004398;2;VEHQRIU;E;head quarter Ufficio Risorse Umane;01/01/2026;31/01/2026;030801022;;60;2;6;03080102201;1741;;0000000748;G;Autosystem Societa di Servizi Spa;;190;E;ADDEBITO FRANCHIGIA PER SINISTRO Nø 260135 DEL 14/01/2026 - SCHEGGIATURA SU PORTA POST SX
1907;12/02/2026;(P.N.)(Orig.);(Orig.);FAAE;2026;EUR;03040100901;D;295,11;2630;_B1;10/02/2026;Noleggio autovetture indeducibile;C;0000004574;2;VEHQRIU;E;head quarter Ufficio Risorse Umane;01/03/2026;31/03/2026;030401009;;60;2;8;03040100901;1907;;0000000748;G;Autosystem Societa di Servizi Spa;;244;E;
1907;12/02/2026;(P.N.)(Orig.);(Orig.);FAAE;2026;EUR;03040100401;D;688,6;2630;_B1;10/02/2026;Noleggio autovetture deducibile;C;0000004574;2;VEHQRIU;E;head quarter Ufficio Risorse Umane;01/03/2026;31/03/2026;030401004;;60;2;7;03040100401;1907;;0000000748;G;Autosystem Societa di Servizi Spa;;244;E;
7083;19/03/2026;(P.N.)(Orig.);(Orig.);FAAE;2026;EUR;03040100901;D;295,11;4440;_B1;10/03/2026;Noleggio autovetture indeducibile;C;0000018836;3;VEHQRIU;E;head quarter Ufficio Risorse Umane;01/04/2026;30/04/2026;030401009;;60;2;8;03040100901;7083;;0000000748;G;Autosystem Societa di Servizi Spa;;496;E;
7082;19/03/2026;(P.N.)(Orig.);(Orig.);FAAE;2026;EUR;03020305102;D;104,08;88;/ 1000;13/03/2026;Carburante autovetture indeducibili;C;0000018835;6;VEHQRIU;E;head quarter Ufficio Risorse Umane;01/02/2026;28/02/2026;030203052;;60;2;8;03020305102;7082;;0000000748;G;Autosystem Societa di Servizi Spa;;495;E;
7083;19/03/2026;(P.N.)(Orig.);(Orig.);FAAE;2026;EUR;03040100401;D;688,6;4440;_B1;10/03/2026;Noleggio autovetture deducibile;C;0000018836;3;VEHQRIU;E;head quarter Ufficio Risorse Umane;01/04/2026;30/04/2026;030401004;;60;2;7;03040100401;7083;;0000000748;G;Autosystem Societa di Servizi Spa;;496;E;
7082;19/03/2026;(P.N.)(Orig.);(Orig.);FAAE;2026;EUR;03020305101;D;242,85;88;/ 1000;13/03/2026;Carburante autovetture deducibili;C;0000018835;6;VEHQRIU;E;head quarter Ufficio Risorse Umane;01/02/2026;28/02/2026;030203051;;60;2;7;03020305101;7082;;0000000748;G;Autosystem Societa di Servizi Spa;;495;E;
17861;14/04/2026;(P.N.)(Orig.);(Orig.);FAAE;2026;EUR;03040100901;D;133,39;126;/ 1000;13/04/2026;Noleggio autovetture indeducibile;C;0000038407;5;VEHQRIU;E;head quarter Ufficio Risorse Umane;01/03/2026;31/03/2026;030401009;;60;2;8;03040100901;17861;;0000000748;G;Autosystem Societa di Servizi Spa;;701;E;
17861;14/04/2026;(P.N.)(Orig.);(Orig.);FAAE;2026;EUR;03040100401;D;311,25;126;/ 1000;13/04/2026;Noleggio autovetture deducibile;C;0000038407;5;VEHQRIU;E;head quarter Ufficio Risorse Umane;01/03/2026;31/03/2026;030401004;;60;2;7;03040100401;17861;;0000000748;G;Autosystem Societa di Servizi Spa;;701;E;
18015;20/04/2026;(P.N.)(Orig.);(Orig.);FAAE;2026;EUR;03040100901;D;295,11;6142;_B1;14/04/2026;Noleggio autovetture indeducibile;C;0000038562;2;VEHQRIU;E;head quarter Ufficio Risorse Umane;01/05/2026;31/05/2026;030401009;;60;2;8;03040100901;18015;;0000000748;G;Autosystem Societa di Servizi Spa;;721;E;
18015;20/04/2026;(P.N.)(Orig.);(Orig.);FAAE;2026;EUR;03040100401;D;688,6;6142;_B1;14/04/2026;Noleggio autovetture deducibile;C;0000038562;2;VEHQRIU;E;head quarter Ufficio Risorse Umane;01/05/2026;31/05/2026;030401004;;60;2;7;03040100401;18015;;0000000748;G;Autosystem Societa di Servizi Spa;;721;E;
1239;22/12/2025;(P.N.)(Orig.);(Orig.);FAAE;2025;EUR;03040100401;D;426,54;1071;_F3;27/11/2025;Noleggio autovetture deducibile;C;0000001373;3;VEHQSIC;E;head quarter Ufficio Sicurezza;01/11/2025;30/11/2025;030401004;S;60;2;5;03040100401;1239;;0000000748;G;Autosystem Societa di Servizi Spa;;263;E;
1239;22/12/2025;(P.N.)(Orig.);(Orig.);FAAE;2025;EUR;03040100901;D;182,81;1071;_F3;27/11/2025;Noleggio autovetture indeducibile;C;0000001373;2;VEHQSIC;E;head quarter Ufficio Sicurezza;27/11/2025;27/11/2025;030401009;S;60;2;4;03040100901;1239;;0000000748;G;Autosystem Societa di Servizi Spa;;263;E;
1709;31/12/2025;(P.N.)(Orig.);(Orig.);FAAE;2025;EUR;03040100901;D;271,34;1168;_F3;29/12/2025;Noleggio autovetture indeducibile;C;0000002142;2;VEHQSIC;E;head quarter Ufficio Sicurezza;01/12/2025;31/12/2025;030401009;S;60;2;4;03040100901;1709;;0000000748;G;Autosystem Societa di Servizi Spa;;437;E;
1709;31/12/2025;(P.N.)(Orig.);(Orig.);FAAE;2025;EUR;03040100401;D;633,13;1168;_F3;29/12/2025;Noleggio autovetture deducibile;C;0000002142;2;VEHQSIC;E;head quarter Ufficio Sicurezza;01/12/2025;31/12/2025;030401004;S;60;2;5;03040100401;1709;;0000000748;G;Autosystem Societa di Servizi Spa;;437;E;
1740;06/02/2026;(P.N.)(Orig.);(Orig.);FAAE;2026;EUR;03040100401;D;609,35;73;_F3;29/01/2026;Noleggio autovetture deducibile;C;0000004397;3;VEHQSIC;E;head quarter Ufficio Sicurezza;01/01/2026;31/01/2026;030401004;;60;2;5;03040100401;1740;;0000000748;G;Autosystem Societa di Servizi Spa;;189;E;
1740;06/02/2026;(P.N.)(Orig.);(Orig.);FAAE;2026;EUR;03040100901;D;261,15;73;_F3;29/01/2026;Noleggio autovetture indeducibile;C;0000004397;3;VEHQSIC;E;head quarter Ufficio Sicurezza;01/01/2026;31/01/2026;030401009;;60;2;4;03040100901;1740;;0000000748;G;Autosystem Societa di Servizi Spa;;189;E;
1901;12/02/2026;(P.N.)(Orig.);(Orig.);FAAE;2026;EUR;03040100901;D;475,67;1565;_B1;06/02/2026;Noleggio autovetture indeducibile;C;0000004568;4;VEHQSIC;E;head quarter Ufficio Sicurezza;01/02/2026;31/03/2026;030401009;;60;2;8;03040100901;1901;;0000000748;G;Autosystem Societa di Servizi Spa;;240;E;
1901;12/02/2026;(P.N.)(Orig.);(Orig.);FAAE;2026;EUR;03040100401;D;1109,9;1565;_B1;06/02/2026;Noleggio autovetture deducibile;C;0000004568;4;VEHQSIC;E;head quarter Ufficio Sicurezza;01/02/2026;31/03/2026;030401004;;60;2;7;03040100401;1901;;0000000748;G;Autosystem Societa di Servizi Spa;;240;E;
1900;12/02/2026;(P.N.)(Orig.);(Orig.);FAAE;2026;EUR;03020304601;D;3,51;113;_F3;06/02/2026;Spese incasso accessorie fornitori;C;0000004567;2;VEHQSIC;E;head quarter Ufficio Sicurezza;06/02/2026;06/02/2026;030203046;;60;2;6;03020304601;1900;;0000000748;G;Autosystem Societa di Servizi Spa;;239;E;
1900;12/02/2026;(P.N.)(Orig.);(Orig.);FAAE;2026;EUR;03040100401;D;121,87;113;_F3;06/02/2026;Noleggio autovetture deducibile;C;0000004567;2;VEHQSIC;E;head quarter Ufficio Sicurezza;01/02/2026;28/02/2026;030401004;;60;2;7;03040100401;1900;;0000000748;G;Autosystem Societa di Servizi Spa;;239;E;
1900;12/02/2026;(P.N.)(Orig.);(Orig.);FAAE;2026;EUR;03040100901;D;52,23;113;_F3;06/02/2026;Noleggio autovetture indeducibile;C;0000004567;2;VEHQSIC;E;head quarter Ufficio Sicurezza;01/02/2026;28/02/2026;030401009;;60;2;8;03040100901;1900;;0000000748;G;Autosystem Societa di Servizi Spa;;239;E;
6895;17/03/2026;(P.N.)(Orig.);(Orig.);FAAE;2026;EUR;03080100501;D;20;4131;_B1;10/03/2026;Costi indetraibili contravvenzioni;C;0000018648;2;VEHQSIC;E;head quarter Ufficio Sicurezza;01/01/2026;01/01/2026;030801005;;60;2;5;03080100501;6895;;0000000748;G;Autosystem Societa di Servizi Spa;;450;E;
7082;19/03/2026;(P.N.)(Orig.);(Orig.);FAAE;2026;EUR;03020305102;D;33,12;88;/ 1000;13/03/2026;Carburante autovetture indeducibili;C;0000018835;8;VEHQSIC;E;head quarter Ufficio Sicurezza;01/02/2026;28/02/2026;030203052;;60;2;8;03020305102;7082;;0000000748;G;Autosystem Societa di Servizi Spa;;495;E;
7083;19/03/2026;(P.N.)(Orig.);(Orig.);FAAE;2026;EUR;03040100401;D;609,36;4440;_B1;10/03/2026;Noleggio autovetture deducibile;C;0000018836;9;VEHQSIC;E;head quarter Ufficio Sicurezza;01/04/2026;30/04/2026;030401004;;60;2;7;03040100401;7083;;0000000748;G;Autosystem Societa di Servizi Spa;;496;E;
7082;19/03/2026;(P.N.)(Orig.);(Orig.);FAAE;2026;EUR;03020305101;D;77,26;88;/ 1000;13/03/2026;Carburante autovetture deducibili;C;0000018835;8;VEHQSIC;E;head quarter Ufficio Sicurezza;01/02/2026;28/02/2026;030203051;;60;2;7;03020305101;7082;;0000000748;G;Autosystem Societa di Servizi Spa;;495;E;
7083;19/03/2026;(P.N.)(Orig.);(Orig.);FAAE;2026;EUR;03040100901;D;261,15;4440;_B1;10/03/2026;Noleggio autovetture indeducibile;C;0000018836;9;VEHQSIC;E;head quarter Ufficio Sicurezza;01/04/2026;30/04/2026;030401009;;60;2;8;03040100901;7083;;0000000748;G;Autosystem Societa di Servizi Spa;;496;E;
17861;14/04/2026;(P.N.)(Orig.);(Orig.);FAAE;2026;EUR;03040100901;D;67,56;126;/ 1000;13/04/2026;Noleggio autovetture indeducibile;C;0000038407;7;VEHQSIC;E;head quarter Ufficio Sicurezza;01/03/2026;31/03/2026;030401009;;60;2;8;03040100901;17861;;0000000748;G;Autosystem Societa di Servizi Spa;;701;E;
17861;14/04/2026;(P.N.)(Orig.);(Orig.);FAAE;2026;EUR;03040100401;D;157,65;126;/ 1000;13/04/2026;Noleggio autovetture deducibile;C;0000038407;7;VEHQSIC;E;head quarter Ufficio Sicurezza;01/03/2026;31/03/2026;030401004;;60;2;7;03040100401;17861;;0000000748;G;Autosystem Societa di Servizi Spa;;701;E;
18015;20/04/2026;(P.N.)(Orig.);(Orig.);FAAE;2026;EUR;03040100401;D;609,35;6142;_B1;14/04/2026;Noleggio autovetture deducibile;C;0000038562;7;VEHQSIC;E;head quarter Ufficio Sicurezza;01/05/2026;31/05/2026;030401004;;60;2;7;03040100401;18015;;0000000748;G;Autosystem Societa di Servizi Spa;;721;E;
18015;20/04/2026;(P.N.)(Orig.);(Orig.);FAAE;2026;EUR;03040100901;D;261,16;6142;_B1;14/04/2026;Noleggio autovetture indeducibile;C;0000038562;7;VEHQSIC;E;head quarter Ufficio Sicurezza;01/05/2026;31/05/2026;030401009;;60;2;8;03040100901;18015;;0000000748;G;Autosystem Societa di Servizi Spa;;721;E;
408;28/08/2025;(P.N.)(Orig.);(Orig.);FAAE;2025;EUR;03040100401;D;550,88;794;F3;28/08/2025;Noleggio autovetture deducibile;C;0000000501;1;VEHQSTR;E;head quarter Resp. Servizi Territoriali;01/08/2025;31/08/2025;030401004;S;60;2;5;03040100401;408;;0000000748;G;Autosystem Societa di Servizi Spa;;63;E;canoni agosto
408;28/08/2025;(P.N.)(Orig.);(Orig.);FAAE;2025;EUR;03040100901;D;236,09;794;F3;28/08/2025;Noleggio autovetture indeducibile;C;0000000501;3;VEHQSTR;E;head quarter Resp. Servizi Territoriali;01/08/2025;31/08/2025;030401009;S;60;2;6;03040100901;408;;0000000748;G;Autosystem Societa di Servizi Spa;;63;E;canoni agosto
184;08/10/2025;(P.N.)(Orig.);(Orig.);FAAE;2025;EUR;03040100401;D;466,88;844;_F3;24/09/2025;Noleggio autovetture deducibile;C;0000000231;2;VEHQSTR;E;head quarter Resp. Servizi Territoriali;01/09/2025;24/09/2025;030401004;S;60;2;4;03040100401;184;;0000000748;G;Autosystem Societa di Servizi Spa;;79;E;GJ589VW
184;08/10/2025;(P.N.)(Orig.);(Orig.);FAAE;2025;EUR;03040100901;D;200,09;844;_F3;24/09/2025;Noleggio autovetture indeducibile;C;0000000231;2;VEHQSTR;E;head quarter Resp. Servizi Territoriali;01/09/2025;30/09/2025;030401009;S;60;2;5;03040100901;184;;0000000748;G;Autosystem Societa di Servizi Spa;;79;E;GJ589VW
215;08/10/2025;(P.N.)(Orig.);(Orig.);FAAE;2025;EUR;03040100401;D;712,37;870;_F3;29/09/2025;Noleggio autovetture deducibile;C;0000000262;3;VEHQSTR;E;head quarter Resp. Servizi Territoriali;01/09/2025;30/09/2025;030401004;S;60;2;4;03040100401;215;;0000000748;G;Autosystem Societa di Servizi Spa;;103;E;
215;08/10/2025;(P.N.)(Orig.);(Orig.);FAAE;2025;EUR;03040100901;D;305,3;870;_F3;29/09/2025;Noleggio autovetture indeducibile;C;0000000262;3;VEHQSTR;E;head quarter Resp. Servizi Territoriali;01/09/2025;30/09/2025;030401009;S;60;2;8;03040100901;215;;0000000748;G;Autosystem Societa di Servizi Spa;;103;E;
478;01/11/2025;(P.N.)(Orig.);(Orig.);FAAE;2025;EUR;03040100901;D;295,11;969;_F3;28/10/2025;Noleggio autovetture indeducibile;C;0000000599;2;VEHQSTR;E;head quarter Resp. Servizi Territoriali;28/10/2025;28/10/2025;030401009;S;60;2;4;03040100901;478;;0000000748;G;Autosystem Societa di Servizi Spa;;146;E;
478;01/11/2025;(P.N.)(Orig.);(Orig.);FAAE;2025;EUR;03040100401;D;688,6;969;_F3;28/10/2025;Noleggio autovetture deducibile;C;0000000599;2;VEHQSTR;E;head quarter Resp. Servizi Territoriali;01/10/2025;31/10/2025;030401004;S;60;2;5;03040100401;478;;0000000748;G;Autosystem Societa di Servizi Spa;;146;E;
1239;22/12/2025;(P.N.)(Orig.);(Orig.);FAAE;2025;EUR;03040100401;D;688,6;1071;_F3;27/11/2025;Noleggio autovetture deducibile;C;0000001373;2;VEHQSTR;E;head quarter Resp. Servizi Territoriali;01/11/2025;30/11/2025;030401004;S;60;2;5;03040100401;1239;;0000000748;G;Autosystem Societa di Servizi Spa;;263;E;
1239;22/12/2025;(P.N.)(Orig.);(Orig.);FAAE;2025;EUR;03040100901;D;295,11;1071;_F3;27/11/2025;Noleggio autovetture indeducibile;C;0000001373;1;VEHQSTR;E;head quarter Resp. Servizi Territoriali;27/11/2025;27/11/2025;030401009;S;60;2;4;03040100901;1239;;0000000748;G;Autosystem Societa di Servizi Spa;;263;E;
1708;31/12/2025;(P.N.)(Orig.);(Orig.);FAAE;2025;EUR;03040100901;D;295,11;1181;_F3;29/12/2025;Noleggio autovetture indeducibile;C;0000002141;2;VEHQSTR;E;head quarter Resp. Servizi Territoriali;01/12/2025;31/12/2025;030401009;S;60;2;4;03040100901;1708;;0000000748;G;Autosystem Societa di Servizi Spa;;436;E;
1708;31/12/2025;(P.N.)(Orig.);(Orig.);FAAE;2025;EUR;03040100401;D;688,6;1181;_F3;29/12/2025;Noleggio autovetture deducibile;C;0000002141;2;VEHQSTR;E;head quarter Resp. Servizi Territoriali;01/12/2025;31/12/2025;030401004;S;60;2;5;03040100401;1708;;0000000748;G;Autosystem Societa di Servizi Spa;;436;E;
1740;06/02/2026;(P.N.)(Orig.);(Orig.);FAAE;2026;EUR;03040100901;D;295,11;73;_F3;29/01/2026;Noleggio autovetture indeducibile;C;0000004397;4;VEHQSTR;E;head quarter Resp. Servizi Territoriali;01/01/2026;31/01/2026;030401009;;60;2;4;03040100901;1740;;0000000748;G;Autosystem Societa di Servizi Spa;;189;E;
1740;06/02/2026;(P.N.)(Orig.);(Orig.);FAAE;2026;EUR;03040100401;D;688,6;73;_F3;29/01/2026;Noleggio autovetture deducibile;C;0000004397;4;VEHQSTR;E;head quarter Resp. Servizi Territoriali;01/01/2026;31/01/2026;030401004;;60;2;5;03040100401;1740;;0000000748;G;Autosystem Societa di Servizi Spa;;189;E;
3600;02/03/2026;(P.N.)(Orig.);(Orig.);FAAE;2026;EUR;03040100901;D;295,11;162;_F3;25/02/2026;Noleggio autovetture indeducibile;C;0000012515;1;VEHQSTR;E;head quarter Resp. Servizi Territoriali;01/02/2026;28/02/2026;030401009;;60;2;4;03040100901;3600;;0000000748;G;Autosystem Societa di Servizi Spa;;320;E;
3600;02/03/2026;(P.N.)(Orig.);(Orig.);FAAE;2026;EUR;03040100401;D;688,6;162;_F3;25/02/2026;Noleggio autovetture deducibile;C;0000012515;2;VEHQSTR;E;head quarter Resp. Servizi Territoriali;01/02/2026;28/02/2026;030401004;;60;2;5;03040100401;3600;;0000000748;G;Autosystem Societa di Servizi Spa;;320;E;
3600;02/03/2026;(P.N.)(Orig.);(Orig.);FAAE;2026;EUR;03020304601;D;3,51;162;_F3;25/02/2026;Spese incasso accessorie fornitori;C;0000012515;2;VEHQSTR;E;head quarter Resp. Servizi Territoriali;01/02/2026;28/02/2026;030203046;;60;2;6;03020304601;3600;;0000000748;G;Autosystem Societa di Servizi Spa;;320;E;
4425;05/03/2026;(P.N.)(Orig.);(Orig.);FAAE;2026;EUR;03040100901;D;159,25;204;_F3;03/03/2026;Noleggio autovetture indeducibile;C;0000013788;1;VEHQSTR;E;head quarter Resp. Servizi Territoriali;01/03/2026;02/03/2026;030401009;;60;2;4;03040100901;4425;;0000000748;G;Autosystem Societa di Servizi Spa;;391;E;
4425;05/03/2026;(P.N.)(Orig.);(Orig.);FAAE;2026;EUR;03040100401;D;371,58;204;_F3;03/03/2026;Noleggio autovetture deducibile;C;0000013788;2;VEHQSTR;E;head quarter Resp. Servizi Territoriali;01/03/2026;02/03/2026;030401004;;60;2;5;03040100401;4425;;0000000748;G;Autosystem Societa di Servizi Spa;;391;E;
4425;05/03/2026;(P.N.)(Orig.);(Orig.);FAAE;2026;EUR;03020304601;D;3,5;204;_F3;03/03/2026;Spese incasso accessorie fornitori;C;0000013788;3;VEHQSTR;E;head quarter Resp. Servizi Territoriali;03/03/2026;03/03/2026;030203046;;60;2;6;03020304601;4425;;0000000748;G;Autosystem Societa di Servizi Spa;;391;E;
7142;20/03/2026;(P.N.)(Orig.);(Orig.);FAAE;2026;EUR;03040100401;D;1354,98;3262;_B1;06/03/2026;Noleggio autovetture deducibile;C;0000018895;2;VEHQSTR;E;head quarter Resp. Servizi Territoriali;01/03/2026;30/04/2026;030401004;;60;2;7;03040100401;7142;;0000000748;G;Autosystem Societa di Servizi Spa;;516;E;
7142;20/03/2026;(P.N.)(Orig.);(Orig.);FAAE;2026;EUR;03040100901;D;580,71;3262;_B1;06/03/2026;Noleggio autovetture indeducibile;C;0000018895;2;VEHQSTR;E;head quarter Resp. Servizi Territoriali;01/03/2026;30/04/2026;030401009;;60;2;8;03040100901;7142;;0000000748;G;Autosystem Societa di Servizi Spa;;516;E;
7142;20/03/2026;(P.N.)(Orig.);(Orig.);FAAE;2026;EUR;03020304601;D;3,5;3262;_B1;06/03/2026;Spese incasso accessorie fornitori;C;0000018895;2;VEHQSTR;E;head quarter Resp. Servizi Territoriali;06/03/2026;06/03/2026;030203046;;60;2;10;03020304601;7142;;0000000748;G;Autosystem Societa di Servizi Spa;;516;E;
18015;20/04/2026;(P.N.)(Orig.);(Orig.);FAAE;2026;EUR;03040100901;D;295,11;6142;_B1;14/04/2026;Noleggio autovetture indeducibile;C;0000038562;6;VEHQSTR;E;head quarter Resp. Servizi Territoriali;01/05/2026;31/05/2026;030401009;;60;2;8;03040100901;18015;;0000000748;G;Autosystem Societa di Servizi Spa;;721;E;
18015;20/04/2026;(P.N.)(Orig.);(Orig.);FAAE;2026;EUR;03040100401;D;688,6;6142;_B1;14/04/2026;Noleggio autovetture deducibile;C;0000038562;6;VEHQSTR;E;head quarter Resp. Servizi Territoriali;01/05/2026;31/05/2026;030401004;;60;2;7;03040100401;18015;;0000000748;G;Autosystem Societa di Servizi Spa;;721;E;
1171;22/12/2025;(P.N.)(Orig.);(Orig.);FAAE;2025;EUR;03040100401;D;522,41;1277;_F7;27/11/2025;Noleggio autovetture deducibile;C;0000001305;4;VEJESOLOCRC;E;costi e ricavi comuni Jesolo;07/11/2025;30/11/2025;030401004;S;50;2;5;03040100401;1171;;0000000748;G;Autosystem Societa di Servizi Spa;;259;E;
1171;22/12/2025;(P.N.)(Orig.);(Orig.);FAAE;2025;EUR;03040100401;D;522,41;1277;_F7;27/11/2025;Noleggio autovetture deducibile;C;0000001305;5;VEJESOLOCRC;E;costi e ricavi comuni Jesolo;07/11/2025;30/11/2025;030401004;S;50;2;5;03040100401;1171;;0000000748;G;Autosystem Societa di Servizi Spa;;259;E;
1171;22/12/2025;(P.N.)(Orig.);(Orig.);FAAE;2025;EUR;03040100901;D;223,89;1277;_F7;27/11/2025;Noleggio autovetture indeducibile;C;0000001305;3;VEJESOLOCRC;E;costi e ricavi comuni Jesolo;27/11/2025;27/11/2025;030401009;S;50;2;4;03040100901;1171;;0000000748;G;Autosystem Societa di Servizi Spa;;259;E;
1171;22/12/2025;(P.N.)(Orig.);(Orig.);FAAE;2025;EUR;03040100901;D;223,89;1277;_F7;27/11/2025;Noleggio autovetture indeducibile;C;0000001305;4;VEJESOLOCRC;E;costi e ricavi comuni Jesolo;27/11/2025;27/11/2025;030401009;S;50;2;4;03040100901;1171;;0000000748;G;Autosystem Societa di Servizi Spa;;259;E;
1712;31/12/2025;(P.N.)(Orig.);(Orig.);FAAE;2025;EUR;03040100901;D;226,85;1404;_F7;29/12/2025;Noleggio autovetture indeducibile;C;0000002145;2;VEJESOLOCRC;E;costi e ricavi comuni Jesolo;01/12/2025;31/12/2025;030401009;S;50;2;4;03040100901;1712;;0000000748;G;Autosystem Societa di Servizi Spa;;440;E;
1712;31/12/2025;(P.N.)(Orig.);(Orig.);FAAE;2025;EUR;03040100401;D;529,32;1404;_F7;29/12/2025;Noleggio autovetture deducibile;C;0000002145;2;VEJESOLOCRC;E;costi e ricavi comuni Jesolo;01/12/2025;31/12/2025;030401004;S;50;2;5;03040100401;1712;;0000000748;G;Autosystem Societa di Servizi Spa;;440;E;
1714;31/12/2025;(P.N.)(Orig.);(Orig.);FAAE;2025;EUR;03040100901;D;226,85;1382;_F7;29/12/2025;Noleggio autovetture indeducibile;C;0000002147;2;VEJESOLOCRC;E;costi e ricavi comuni Jesolo;01/12/2025;31/12/2025;030401009;S;50;2;4;03040100901;1714;;0000000748;G;Autosystem Societa di Servizi Spa;;442;E;
1714;31/12/2025;(P.N.)(Orig.);(Orig.);FAAE;2025;EUR;03040100401;D;529,32;1382;_F7;29/12/2025;Noleggio autovetture deducibile;C;0000002147;2;VEJESOLOCRC;E;costi e ricavi comuni Jesolo;01/12/2025;31/12/2025;030401004;S;50;2;5;03040100401;1714;;0000000748;G;Autosystem Societa di Servizi Spa;;442;E;
1714;31/12/2025;(P.N.)(Orig.);(Orig.);FAAE;2025;EUR;03020304601;D;3,51;1382;_F7;29/12/2025;Spese incasso accessorie fornitori;C;0000002147;2;VEJESOLOCRC;E;costi e ricavi comuni Jesolo;29/12/2025;29/12/2025;030203046;S;50;2;6;03020304601;1714;;0000000748;G;Autosystem Societa di Servizi Spa;;442;E;
1487;04/02/2026;(P.N.)(Orig.);(Orig.);FAAE;2026;EUR;03040100401;D;1011,1;116;_F7;29/01/2026;Noleggio autovetture deducibile;C;0000004060;4;VEJESOLOCRC;E;costi e ricavi comuni Jesolo;01/01/2026;31/01/2026;030401004;;50;2;5;03040100401;1487;;0000000748;G;Autosystem Societa di Servizi Spa;;184;E;
1487;04/02/2026;(P.N.)(Orig.);(Orig.);FAAE;2026;EUR;03040100901;D;433,34;116;_F7;29/01/2026;Noleggio autovetture indeducibile;C;0000004060;3;VEJESOLOCRC;E;costi e ricavi comuni Jesolo;01/01/2026;31/01/2026;030401009;;50;2;4;03040100901;1487;;0000000748;G;Autosystem Societa di Servizi Spa;;184;E;
3599;02/03/2026;(P.N.)(Orig.);(Orig.);FAAE;2026;EUR;03040100901;D;216,66;206;_F7;26/02/2026;Noleggio autovetture indeducibile;C;0000012514;1;VEJESOLOCRC;E;costi e ricavi comuni Jesolo;01/02/2026;28/02/2026;030401009;;50;2;4;03040100901;3599;;0000000748;G;Autosystem Societa di Servizi Spa;;319;E;
3599;02/03/2026;(P.N.)(Orig.);(Orig.);FAAE;2026;EUR;03040100901;D;216,66;206;_F7;26/02/2026;Noleggio autovetture indeducibile;C;0000012514;3;VEJESOLOCRC;E;costi e ricavi comuni Jesolo;01/02/2026;28/02/2026;030401009;;50;2;4;03040100901;3599;;0000000748;G;Autosystem Societa di Servizi Spa;;319;E;
3599;02/03/2026;(P.N.)(Orig.);(Orig.);FAAE;2026;EUR;03040100401;D;1011,11;206;_F7;26/02/2026;Noleggio autovetture deducibile;C;0000012514;2;VEJESOLOCRC;E;costi e ricavi comuni Jesolo;01/02/2026;28/02/2026;030401004;;50;2;5;03040100401;3599;;0000000748;G;Autosystem Societa di Servizi Spa;;319;E;
3599;02/03/2026;(P.N.)(Orig.);(Orig.);FAAE;2026;EUR;03020304601;D;3,51;206;_F7;26/02/2026;Spese incasso accessorie fornitori;C;0000012514;2;VEJESOLOCRC;E;costi e ricavi comuni Jesolo;26/02/2026;26/02/2026;030203046;;50;2;6;03020304601;3599;;0000000748;G;Autosystem Societa di Servizi Spa;;319;E;
14374;01/04/2026;(P.N.)(Orig.);(Orig.);FAAE;2026;EUR;03040100401;D;505,55;321;_F7;30/03/2026;Noleggio autovetture deducibile;C;0000032327;2;VEJESOLOCRC;E;costi e ricavi comuni Jesolo;01/03/2026;31/03/2026;030401004;;50;2;7;03040100401;14374;;0000000748;G;Autosystem Societa di Servizi Spa;;587;E;
14374;01/04/2026;(P.N.)(Orig.);(Orig.);FAAE;2026;EUR;03040100401;D;505,55;321;_F7;30/03/2026;Noleggio autovetture deducibile;C;0000032327;3;VEJESOLOCRC;E;costi e ricavi comuni Jesolo;01/03/2026;31/03/2026;030401004;;50;2;7;03040100401;14374;;0000000748;G;Autosystem Societa di Servizi Spa;;587;E;
14374;01/04/2026;(P.N.)(Orig.);(Orig.);FAAE;2026;EUR;03040100901;D;216,67;321;_F7;30/03/2026;Noleggio autovetture indeducibile;C;0000032327;2;VEJESOLOCRC;E;costi e ricavi comuni Jesolo;01/03/2026;31/03/2026;030401009;;50;2;8;03040100901;14374;;0000000748;G;Autosystem Societa di Servizi Spa;;587;E;
14374;01/04/2026;(P.N.)(Orig.);(Orig.);FAAE;2026;EUR;03040100901;D;216,66;321;_F7;30/03/2026;Noleggio autovetture indeducibile;C;0000032327;3;VEJESOLOCRC;E;costi e ricavi comuni Jesolo;01/03/2026;31/03/2026;030401009;;50;2;8;03040100901;14374;;0000000748;G;Autosystem Societa di Servizi Spa;;587;E;
19308;05/05/2026;(P.N.)(Orig.);(Orig.);FAAE;2026;EUR;03040100901;D;216,67;427;_F7;29/04/2026;Noleggio autovetture indeducibile;C;0000040765;2;VEJESOLOCRC;E;costi e ricavi comuni Jesolo;01/04/2026;30/04/2026;030401009;;50;2;8;03040100901;19308;;0000000748;G;Autosystem Societa di Servizi Spa;;827;E;
19308;05/05/2026;(P.N.)(Orig.);(Orig.);FAAE;2026;EUR;03040100901;D;216,67;427;_F7;29/04/2026;Noleggio autovetture indeducibile;C;0000040765;3;VEJESOLOCRC;E;costi e ricavi comuni Jesolo;01/04/2026;30/04/2026;030401009;;50;2;8;03040100901;19308;;0000000748;G;Autosystem Societa di Servizi Spa;;827;E;
19308;05/05/2026;(P.N.)(Orig.);(Orig.);FAAE;2026;EUR;03040100401;D;505,55;427;_F7;29/04/2026;Noleggio autovetture deducibile;C;0000040765;2;VEJESOLOCRC;E;costi e ricavi comuni Jesolo;01/04/2026;30/04/2026;030401004;;50;2;7;03040100401;19308;;0000000748;G;Autosystem Societa di Servizi Spa;;827;E;
19308;05/05/2026;(P.N.)(Orig.);(Orig.);FAAE;2026;EUR;03040100401;D;505,55;427;_F7;29/04/2026;Noleggio autovetture deducibile;C;0000040765;3;VEJESOLOCRC;E;costi e ricavi comuni Jesolo;01/04/2026;30/04/2026;030401004;;50;2;7;03040100401;19308;;0000000748;G;Autosystem Societa di Servizi Spa;;827;E;
1;31/12/2025;(Man.)(Orig.);(Orig.);(Man);2025;EUR;03020100301;A;1018,05;0;;;Bicchieri;C;0000000003;1;VEJESOLOMAG;E;Magazzino Jesolo;;;;;20;2;1;03020100301;1;;;;;;0;;
1171;22/12/2025;(P.N.)(Orig.);(Orig.);FAAE;2025;EUR;03040100901;D;223,89;1277;_F7;27/11/2025;Noleggio autovetture indeducibile;C;0000001305;2;VEVIGONOVOCRC;E;costi e ricavi comuni Vigonovo;27/11/2025;27/11/2025;030401009;S;50;2;4;03040100901;1171;;0000000748;G;Autosystem Societa di Servizi Spa;;259;E;
1171;22/12/2025;(P.N.)(Orig.);(Orig.);FAAE;2025;EUR;03040100401;D;522,41;1277;_F7;27/11/2025;Noleggio autovetture deducibile;C;0000001305;3;VEVIGONOVOCRC;E;costi e ricavi comuni Vigonovo;07/11/2025;30/11/2025;030401004;S;50;2;5;03040100401;1171;;0000000748;G;Autosystem Societa di Servizi Spa;;259;E;
1707;31/12/2025;(P.N.)(Orig.);(Orig.);FAAE;2025;EUR;03040100901;D;226,85;1361;_F7;29/12/2025;Noleggio autovetture indeducibile;C;0000002140;1;VEVIGONOVOCRC;E;costi e ricavi comuni Vigonovo;01/12/2025;31/12/2025;030401009;S;50;2;4;03040100901;1707;;0000000748;G;Autosystem Societa di Servizi Spa;;435;E;
1707;31/12/2025;(P.N.)(Orig.);(Orig.);FAAE;2025;EUR;03040100401;D;529,32;1361;_F7;29/12/2025;Noleggio autovetture deducibile;C;0000002140;2;VEVIGONOVOCRC;E;costi e ricavi comuni Vigonovo;01/12/2025;31/12/2025;030401004;S;50;2;5;03040100401;1707;;0000000748;G;Autosystem Societa di Servizi Spa;;435;E;
1707;31/12/2025;(P.N.)(Orig.);(Orig.);FAAE;2025;EUR;03020304601;D;3,51;1361;_F7;29/12/2025;Spese incasso accessorie fornitori;C;0000002140;2;VEVIGONOVOCRC;E;costi e ricavi comuni Vigonovo;01/12/2025;31/12/2025;030203046;S;50;2;6;03020304601;1707;;0000000748;G;Autosystem Societa di Servizi Spa;;435;E;
1487;04/02/2026;(P.N.)(Orig.);(Orig.);FAAE;2026;EUR;03040100401;D;505,55;116;_F7;29/01/2026;Noleggio autovetture deducibile;C;0000004060;3;VEVIGONOVOCRC;E;costi e ricavi comuni Vigonovo;01/01/2026;31/01/2026;030401004;;50;2;5;03040100401;1487;;0000000748;G;Autosystem Societa di Servizi Spa;;184;E;
1487;04/02/2026;(P.N.)(Orig.);(Orig.);FAAE;2026;EUR;03040100901;D;216,66;116;_F7;29/01/2026;Noleggio autovetture indeducibile;C;0000004060;2;VEVIGONOVOCRC;E;costi e ricavi comuni Vigonovo;01/01/2026;31/01/2026;030401009;;50;2;4;03040100901;1487;;0000000748;G;Autosystem Societa di Servizi Spa;;184;E;
3599;02/03/2026;(P.N.)(Orig.);(Orig.);FAAE;2026;EUR;03040100401;D;505,55;206;_F7;26/02/2026;Noleggio autovetture deducibile;C;0000012514;3;VEVIGONOVOCRC;E;costi e ricavi comuni Vigonovo;01/02/2026;28/02/2026;030401004;;50;2;5;03040100401;3599;;0000000748;G;Autosystem Societa di Servizi Spa;;319;E;
3599;02/03/2026;(P.N.)(Orig.);(Orig.);FAAE;2026;EUR;03040100901;D;216,67;206;_F7;26/02/2026;Noleggio autovetture indeducibile;C;0000012514;2;VEVIGONOVOCRC;E;costi e ricavi comuni Vigonovo;01/02/2026;28/02/2026;030401009;;50;2;4;03040100901;3599;;0000000748;G;Autosystem Societa di Servizi Spa;;319;E;
3;19/03/2026;(Man.)(Orig.);(Orig.);(Man);2026;EUR;03020101301;D;19,5;1026106134;;31/01/2026;Strumentazione e ricambi gas medicali;C;0000000004;1;VEVIGONOVOCRC;E;costi e ricavi comuni Vigonovo;19/03/2026;19/03/2026;;;50;2;1;03020101301;3;;;;;;0;;
14374;01/04/2026;(P.N.)(Orig.);(Orig.);FAAE;2026;EUR;03040100901;D;216,66;321;_F7;30/03/2026;Noleggio autovetture indeducibile;C;0000032327;4;VEVIGONOVOCRC;E;costi e ricavi comuni Vigonovo;01/03/2026;31/03/2026;030401009;;50;2;8;03040100901;14374;;0000000748;G;Autosystem Societa di Servizi Spa;;587;E;
14374;01/04/2026;(P.N.)(Orig.);(Orig.);FAAE;2026;EUR;03040100401;D;505,55;321;_F7;30/03/2026;Noleggio autovetture deducibile;C;0000032327;4;VEVIGONOVOCRC;E;costi e ricavi comuni Vigonovo;01/03/2026;31/03/2026;030401004;;50;2;7;03040100401;14374;;0000000748;G;Autosystem Societa di Servizi Spa;;587;E;
19308;05/05/2026;(P.N.)(Orig.);(Orig.);FAAE;2026;EUR;03040100401;D;505,55;427;_F7;29/04/2026;Noleggio autovetture deducibile;C;0000040765;4;VEVIGONOVOCRC;E;costi e ricavi comuni Vigonovo;01/04/2026;30/04/2026;030401004;;50;2;7;03040100401;19308;;0000000748;G;Autosystem Societa di Servizi Spa;;827;E;
19308;05/05/2026;(P.N.)(Orig.);(Orig.);FAAE;2026;EUR;03040100901;D;216,66;427;_F7;29/04/2026;Noleggio autovetture indeducibile;C;0000040765;4;VEVIGONOVOCRC;E;costi e ricavi comuni Vigonovo;01/04/2026;30/04/2026;030401009;;50;2;8;03040100901;19308;;0000000748;G;Autosystem Societa di Servizi Spa;;827;E;
